BLE,1657199412321042578,C0:F8:BB:9D:12:93,-34
BLE,1657199412331614960,DF:A6:DC:DC:2E:81,-41
BLE,1657199412369796980,C0:F8:BB:9D:12:93,-36
BLE,1657199412421926541,C0:F8:BB:9D:12:93,-33
BLE,1657199412435358601,DF:A6:DC:DC:2E:81,-36
BLE,1657199412469308613,C0:F8:BB:9D:12:93,-34
BLE,1657199412484435095,37:D8:BB:0E:51:AE,-43
BLE,1657199412521892302,C0:F8:BB:9D:12:93,-36
BLE,1657199412529811376,3F:F2:AA:87:D5:AE,-32
BLE,1657199412538189560,DF:A6:DC:DC:2E:81,-34
BLE,1657199412570851500,C0:F8:BB:9D:12:93,-34
BLE,1657199412622958765,C0:F8:BB:9D:12:93,-33
BLE,1657199412646488820,DF:A6:DC:DC:2E:81,-40
BLE,1657199412682361271,37:D8:BB:0E:51:AE,-46
BLE,1657199412719648108,C0:F8:BB:9D:12:93,-35
BLE,1657199412752615400,DF:A6:DC:DC:2E:81,-36
BLE,1657199412769704971,C0:F8:BB:9D:12:93,-36
BLE,1657199412784538620,37:D8:BB:0E:51:AE,-53
BLE,1657199412822620567,C0:F8:BB:9D:12:93,-33
BLE,1657199412856659763,DF:A6:DC:DC:2E:81,-50
BLE,1657199412871925986,C0:F8:BB:9D:12:93,-50
BLE,1657199412882465053,37:D8:BB:0E:51:AE,-62
BLE,1657199412919457169,C0:F8:BB:9D:12:93,-50
BLE,1657199412947917342,3F:F2:AA:87:D5:AE,-36
BLE,1657199412965468318,DF:A6:DC:DC:2E:81,-51
BLE,1657199412968856996,C0:F8:BB:9D:12:93,-50
BLE,1657199412987916709,43:E7:57:21:47:04,-73
BLE,1657199413020682057,C0:F8:BB:9D:12:93,-52
BLE,1657199413051970186,3F:F2:AA:87:D5:AE,-31
BLE,1657199413072056823,C0:F8:BB:9D:12:93,-50
BLE,1657199413092050646,37:D8:BB:0E:51:AE,-59
BLE,1657199413155165662,3F:F2:AA:87:D5:AE,-34
BLE,1657199413169175962,C0:F8:BB:9D:12:93,-49
BLE,1657199413175097615,DF:A6:DC:DC:2E:81,-52
BLE,1657199413190782707,37:D8:BB:0E:51:AE,-67
BLE,1657199413220397970,C0:F8:BB:9D:12:93,-52
BLE,1657199413261575242,3F:F2:AA:87:D5:AE,-37
BLE,1657199413273005826,C0:F8:BB:9D:12:93,-50
BLE,1657199413279866976,DF:A6:DC:DC:2E:81,-51
BLE,1657199413297035139,37:D8:BB:0E:51:AE,-59
BLE,1657199413320907860,C0:F8:BB:9D:12:93,-50
BLE,1657199413367620082,3F:F2:AA:87:D5:AE,-31
BLE,1657199413369719058,C0:F8:BB:9D:12:93,-50
BLE,1657199413381425419,DF:A6:DC:DC:2E:81,-52
BLE,1657199413401193316,37:D8:BB:0E:51:AE,-62
BLE,1657199413414878247,2E:CB:29:75:1D:1B,-78
BLE,1657199413422893709,C0:F8:BB:9D:12:93,-52
BLE,1657199413467652565,3F:F2:AA:87:D5:AE,-34
BLE,1657199413470503929,C0:F8:BB:9D:12:93,-51
BLE,1657199413487201482,DF:A6:DC:DC:2E:81,-51
BLE,1657199413501149559,37:D8:BB:0E:51:AE,-58
BLE,1657199413521628270,C0:F8:BB:9D:12:93,-50
BLE,1657199413568283084,3F:F2:AA:87:D5:AE,-31
BLE,1657199413590096681,DF:A6:DC:DC:2E:81,-56
BLE,1657199413609574579,43:E7:57:21:47:04,-73
BLE,1657199413620900774,C0:F8:BB:9D:12:93,-50
BLE,1657199413670813784,C0:F8:BB:9D:12:93,-52
BLE,1657199413677088214,3F:F2:AA:87:D5:AE,-31
BLE,1657199413689508777,DF:A6:DC:DC:2E:81,-50
BLE,1657199413703261300,37:D8:BB:0E:51:AE,-58
BLE,1657199413721574849,C0:F8:BB:9D:12:93,-49
BLE,1657199413772614431,C0:F8:BB:9D:12:93,-50
BLE,1657199413783898904,3F:F2:AA:87:D5:AE,-34
BLE,1657199413793137993,DF:A6:DC:DC:2E:81,-56
BLE,1657199413798688054,37:D8:BB:0E:51:AE,-69
BLE,1657199413817636694,43:E7:57:21:47:04,-73
BLE,1657199413820716612,C0:F8:BB:9D:12:93,-50
BLE,1657199413868965590,C0:F8:BB:9D:12:93,-49
BLE,1657199413897005078,37:D8:BB:0E:51:AE,-61
BLE,1657199413897903798,DF:A6:DC:DC:2E:81,-52
BLE,1657199413919754672,C0:F8:BB:9D:12:93,-52
BLE,1657199413972214103,C0:F8:BB:9D:12:93,-50
BLE,1657199413993354460,3F:F2:AA:87:D5:AE,-31
BLE,1657199414000757257,37:D8:BB:0E:51:AE,-67
BLE,1657199414020347599,C0:F8:BB:9D:12:93,-50
BLE,1657199414025394642,43:E7:57:21:47:04,-72
BLE,1657199414070942089,C0:F8:BB:9D:12:93,-50
BLE,1657199414098387172,3F:F2:AA:87:D5:AE,-34
BLE,1657199414104505435,37:D8:BB:0E:51:AE,-58
BLE,1657199414109730052,DF:A6:DC:DC:2E:81,-57
BLE,1657199414122321096,C0:F8:BB:9D:12:93,-52
BLE,1657199414132050925,43:E7:57:21:47:04,-74
BLE,1657199414173371771,C0:F8:BB:9D:12:93,-50
BLE,1657199414204628715,37:D8:BB:0E:51:AE,-69
BLE,1657199414205372047,3F:F2:AA:87:D5:AE,-36
BLE,1657199414214776154,DF:A6:DC:DC:2E:81,-52
BLE,1657199414221731933,C0:F8:BB:9D:12:93,-51
BLE,1657199414269636375,C0:F8:BB:9D:12:93,-50
BLE,1657199414310841073,3F:F2:AA:87:D5:AE,-31
BLE,1657199414311990533,37:D8:BB:0E:51:AE,-58
BLE,1657199414316207893,DF:A6:DC:DC:2E:81,-51
BLE,1657199414372311574,C0:F8:BB:9D:12:93,-52
BLE,1657199414414977713,37:D8:BB:0E:51:AE,-62
BLE,1657199414420459108,DF:A6:DC:DC:2E:81,-57
BLE,1657199414519286650,DF:A6:DC:DC:2E:81,-52
BLE,1657199414520971461,C0:F8:BB:9D:12:93,-49
BLE,1657199414571675136,C0:F8:BB:9D:12:93,-52
BLE,1657199414614975533,37:D8:BB:0E:51:AE,-62
BLE,1657199414619245911,C0:F8:BB:9D:12:93,-53
BLE,1657199414624737991,DF:A6:DC:DC:2E:81,-57
BLE,1657199414648590656,32:D2:6E:37:6A:1B,-92
BLE,1657199414672282303,C0:F8:BB:9D:12:93,-50
BLE,1657199414717511103,37:D8:BB:0E:51:AE,-58
BLE,1657199414721091946,C0:F8:BB:9D:12:93,-49
BLE,1657199414724948344,DF:A6:DC:DC:2E:81,-51
BLE,1657199414730144202,3F:F2:AA:87:D5:AE,-34
BLE,1657199414757661544,43:E7:57:21:47:04,-73
BLE,1657199414771642715,C0:F8:BB:9D:12:93,-52
BLE,1657199414813783725,37:D8:BB:0E:51:AE,-67
BLE,1657199414827446044,DF:A6:DC:DC:2E:81,-58
BLE,1657199414838889017,3F:F2:AA:87:D5:AE,-30
BLE,1657199414856738586,43:E7:57:21:47:04,-71
BLE,1657199414870920144,C0:F8:BB:9D:12:93,-50
BLE,1657199414916232259,37:D8:BB:0E:51:AE,-58
BLE,1657199414936435192,DF:A6:DC:DC:2E:81,-58
BLE,1657199414939528777,3F:F2:AA:87:D5:AE,-31
BLE,1657199414969991204,C0:F8:BB:9D:12:93,-51
BLE,1657199415015858317,37:D8:BB:0E:51:AE,-69
BLE,1657199415019447012,C0:F8:BB:9D:12:93,-52
BLE,1657199415042165181,DF:A6:DC:DC:2E:81,-53
BLE,1657199415069782596,C0:F8:BB:9D:12:93,-52
BLE,1657199415121224825,37:D8:BB:0E:51:AE,-59
BLE,1657199415149289092,DF:A6:DC:DC:2E:81,-51
BLE,1657199415152926490,3F:F2:AA:87:D5:AE,-36
BLE,1657199415169510821,C0:F8:BB:9D:12:93,-50
BLE,1657199415222641713,C0:F8:BB:9D:12:93,-52
BLE,1657199415225775298,37:D8:BB:0E:51:AE,-62
BLE,1657199415248750762,41:0C:7E:D1:8F:D7,-83
BLE,1657199415272104651,C0:F8:BB:9D:12:93,-52
BLE,1657199415322253346,C0:F8:BB:9D:12:93,-51
BLE,1657199415327468630,37:D8:BB:0E:51:AE,-68
BLE,1657199415368396662,3F:F2:AA:87:D5:AE,-31
BLE,1657199415382186870,43:E7:57:21:47:04,-88
BLE,1657199415421026777,C0:F8:BB:9D:12:93,-51
BLE,1657199415433285452,37:D8:BB:0E:51:AE,-58
BLE,1657199415469854827,C0:F8:BB:9D:12:93,-52
BLE,1657199415474585409,3F:F2:AA:87:D5:AE,-33
BLE,1657199415519671042,C0:F8:BB:9D:12:93,-52
BLE,1657199415570788901,C0:F8:BB:9D:12:93,-51
BLE,1657199415621898224,C0:F8:BB:9D:12:93,-50
BLE,1657199415636215486,37:D8:BB:0E:51:AE,-59
BLE,1657199415672396678,C0:F8:BB:9D:12:93,-52
BLE,1657199415683335318,3F:F2:AA:87:D5:AE,-31
BLE,1657199415689211637,DF:A6:DC:DC:2E:81,-51
BLE,1657199415721104080,C0:F8:BB:9D:12:93,-52
BLE,1657199415773069178,C0:F8:BB:9D:12:93,-50
BLE,1657199415787670847,3F:F2:AA:87:D5:AE,-34
BLE,1657199415839615427,37:D8:BB:0E:51:AE,-58
BLE,1657199415869794577,C0:F8:BB:9D:12:93,-50
BLE,1657199415896436643,3F:F2:AA:87:D5:AE,-30
BLE,1657199415906036787,DF:A6:DC:DC:2E:81,-57
BLE,1657199415922077175,C0:F8:BB:9D:12:93,-52
BLE,1657199415944965398,37:D8:BB:0E:51:AE,-62
BLE,1657199415970571948,C0:F8:BB:9D:12:93,-52
BLE,1657199416010179465,DF:A6:DC:DC:2E:81,-53
BLE,1657199416048334837,37:D8:BB:0E:51:AE,-67
BLE,1657199416071791244,C0:F8:BB:9D:12:93,-49
BLE,1657199416102165893,3F:F2:AA:87:D5:AE,-34
BLE,1657199416117764356,DF:A6:DC:DC:2E:81,-52
BLE,1657199416120207702,C0:F8:BB:9D:12:93,-50
BLE,1657199416153305901,37:D8:BB:0E:51:AE,-59
BLE,1657199416171668172,C0:F8:BB:9D:12:93,-52
BLE,1657199416202658376,3F:F2:AA:87:D5:AE,-31
BLE,1657199416221134017,C0:F8:BB:9D:12:93,-45
BLE,1657199416252061054,37:D8:BB:0E:51:AE,-67
BLE,1657199416272099044,C0:F8:BB:9D:12:93,-50
BLE,1657199416307192145,3F:F2:AA:87:D5:AE,-34
BLE,1657199416319996855,C0:F8:BB:9D:12:93,-46
BLE,1657199416327963447,DF:A6:DC:DC:2E:81,-53
BLE,1657199416339193050,43:E7:57:21:47:04,-70
BLE,1657199416357107396,37:D8:BB:0E:51:AE,-58
BLE,1657199416371911491,C0:F8:BB:9D:12:93,-52
BLE,1657199416414702537,3F:F2:AA:87:D5:AE,-34
BLE,1657199416421665483,C0:F8:BB:9D:12:93,-33
BLE,1657199416433466622,DF:A6:DC:DC:2E:81,-50
BLE,1657199416457554027,37:D8:BB:0E:51:AE,-68
BLE,1657199416472310066,C0:F8:BB:9D:12:93,-50
BLE,1657199416521090376,3F:F2:AA:87:D5:AE,-36
BLE,1657199416562020704,37:D8:BB:0E:51:AE,-59
BLE,1657199416619418493,C0:F8:BB:9D:12:93,-52
BLE,1657199416622157672,3F:F2:AA:87:D5:AE,-34
BLE,1657199416647356352,DF:A6:DC:DC:2E:81,-56
BLE,1657199416652696284,43:E7:57:21:47:04,-77
BLE,1657199416658326882,37:D8:BB:0E:51:AE,-68
BLE,1657199416672790884,C0:F8:BB:9D:12:93,-51
BLE,1657199416722994450,3F:F2:AA:87:D5:AE,-36
BLE,1657199416748293278,2E:CB:29:75:1D:1B,-78
BLE,1657199416755409373,DF:A6:DC:DC:2E:81,-53
BLE,1657199416764411888,37:D8:BB:0E:51:AE,-58
BLE,1657199416770251337,C0:F8:BB:9D:12:93,-49
BLE,1657199416819827256,C0:F8:BB:9D:12:93,-53
BLE,1657199416872394668,C0:F8:BB:9D:12:93,-50
BLE,1657199416922952473,C0:F8:BB:9D:12:93,-51
BLE,1657199416932233025,3F:F2:AA:87:D5:AE,-34
BLE,1657199416958114741,DF:A6:DC:DC:2E:81,-53
BLE,1657199416965013243,37:D8:BB:0E:51:AE,-58
BLE,1657199416970031416,C0:F8:BB:9D:12:93,-51
BLE,1657199417020259870,C0:F8:BB:9D:12:93,-49
BLE,1657199417037989143,3F:F2:AA:87:D5:AE,-36
BLE,1657199417067514165,37:D8:BB:0E:51:AE,-62
BLE,1657199417069234161,C0:F8:BB:9D:12:93,-52
BLE,1657199417122973570,C0:F8:BB:9D:12:93,-51
BLE,1657199417147059994,3F:F2:AA:87:D5:AE,-31
BLE,1657199417159569409,DF:A6:DC:DC:2E:81,-53
BLE,1657199417170497197,C0:F8:BB:9D:12:93,-50
BLE,1657199417221766853,C0:F8:BB:9D:12:93,-50
BLE,1657199417256395326,3F:F2:AA:87:D5:AE,-31
BLE,1657199417266228006,DF:A6:DC:DC:2E:81,-51
BLE,1657199417272373362,C0:F8:BB:9D:12:93,-52
BLE,1657199417319741582,C0:F8:BB:9D:12:93,-52
BLE,1657199417363450182,3F:F2:AA:87:D5:AE,-34
BLE,1657199417367100728,37:D8:BB:0E:51:AE,-59
BLE,1657199417369478667,DF:A6:DC:DC:2E:81,-56
BLE,1657199417420288472,C0:F8:BB:9D:12:93,-49
BLE,1657199417519381439,C0:F8:BB:9D:12:93,-52
BLE,1657199417571769777,C0:F8:BB:9D:12:93,-50
BLE,1657199417664961240,32:D2:6E:37:6A:1B,-88
BLE,1657199417668561250,C0:F8:BB:9D:12:93,-50
BLE,1657199417677239952,3F:F2:AA:87:D5:AE,-34
BLE,1657199417682470699,37:D8:BB:0E:51:AE,-59
BLE,1657199417719797202,C0:F8:BB:9D:12:93,-52
BLE,1657199417773054075,C0:F8:BB:9D:12:93,-51
BLE,1657199417782400145,DF:A6:DC:DC:2E:81,-50
BLE,1657199417784733751,3F:F2:AA:87:D5:AE,-36
BLE,1657199417819764834,C0:F8:BB:9D:12:93,-50
BLE,1657199417871191786,C0:F8:BB:9D:12:93,-49
BLE,1657199417892316846,DF:A6:DC:DC:2E:81,-51
BLE,1657199417918513284,C0:F8:BB:9D:12:93,-50
BLE,1657199417972305507,C0:F8:BB:9D:12:93,-36
BLE,1657199418000498533,DF:A6:DC:DC:2E:81,-57
BLE,1657199418022405055,C0:F8:BB:9D:12:93,-50
BLE,1657199418071497715,C0:F8:BB:9D:12:93,-47
BLE,1657199418104015027,3F:F2:AA:87:D5:AE,-34
BLE,1657199418107662536,DF:A6:DC:DC:2E:81,-52
BLE,1657199418118438807,C0:F8:BB:9D:12:93,-50
BLE,1657199418170491961,C0:F8:BB:9D:12:93,-52
BLE,1657199418205216693,3F:F2:AA:87:D5:AE,-31
BLE,1657199418214902466,DF:A6:DC:DC:2E:81,-53
BLE,1657199418219454714,C0:F8:BB:9D:12:93,-52
BLE,1657199418272822772,C0:F8:BB:9D:12:93,-50
BLE,1657199418306005397,3F:F2:AA:87:D5:AE,-34
BLE,1657199418313313639,37:D8:BB:0E:51:AE,-58
BLE,1657199418316707890,DF:A6:DC:DC:2E:81,-56
BLE,1657199418320945454,C0:F8:BB:9D:12:93,-50
BLE,1657199418368793988,C0:F8:BB:9D:12:93,-50
BLE,1657199418409996204,37:D8:BB:0E:51:AE,-67
BLE,1657199418414138213,3F:F2:AA:87:D5:AE,-36
BLE,1657199418418973072,C0:F8:BB:9D:12:93,-52
BLE,1657199418471102207,C0:F8:BB:9D:12:93,-50
BLE,1657199418508408766,37:D8:BB:0E:51:AE,-62
BLE,1657199418522974898,3F:F2:AA:87:D5:AE,-36
BLE,1657199418570801543,C0:F8:BB:9D:12:93,-50
BLE,1657199418607509974,37:D8:BB:0E:51:AE,-58
BLE,1657199418622486142,C0:F8:BB:9D:12:93,-52
BLE,1657199418623955120,3F:F2:AA:87:D5:AE,-30
BLE,1657199418629261293,DF:A6:DC:DC:2E:81,-56
BLE,1657199418670040121,C0:F8:BB:9D:12:93,-52
BLE,1657199418712097317,37:D8:BB:0E:51:AE,-64
BLE,1657199418719724225,C0:F8:BB:9D:12:93,-50
BLE,1657199418729190462,3F:F2:AA:87:D5:AE,-38
BLE,1657199418737992181,DF:A6:DC:DC:2E:81,-53
BLE,1657199418769741235,C0:F8:BB:9D:12:93,-50
BLE,1657199418819913949,C0:F8:BB:9D:12:93,-49
BLE,1657199418831073663,3F:F2:AA:87:D5:AE,-31
BLE,1657199418843084116,DF:A6:DC:DC:2E:81,-51
BLE,1657199418871646011,C0:F8:BB:9D:12:93,-52
BLE,1657199418914637834,37:D8:BB:0E:51:AE,-62
BLE,1657199418921274929,C0:F8:BB:9D:12:93,-51
BLE,1657199418931085091,3F:F2:AA:87:D5:AE,-37
BLE,1657199418952024264,DF:A6:DC:DC:2E:81,-50
BLE,1657199419021129617,C0:F8:BB:9D:12:93,-50
BLE,1657199419058537028,DF:A6:DC:DC:2E:81,-58
BLE,1657199419070467592,C0:F8:BB:9D:12:93,-52
BLE,1657199419139782556,3F:F2:AA:87:D5:AE,-34
BLE,1657199419157281626,DF:A6:DC:DC:2E:81,-50
BLE,1657199419170894112,C0:F8:BB:9D:12:93,-50
BLE,1657199419216293022,37:D8:BB:0E:51:AE,-59
BLE,1657199419221742213,C0:F8:BB:9D:12:93,-50
BLE,1657199419244903417,3F:F2:AA:87:D5:AE,-36
BLE,1657199419259661789,DF:A6:DC:DC:2E:81,-56
BLE,1657199419270046635,C0:F8:BB:9D:12:93,-50
BLE,1657199419315086398,37:D8:BB:0E:51:AE,-68
BLE,1657199419321443142,C0:F8:BB:9D:12:93,-52
BLE,1657199419332008617,54:E5:89:22:C3:51,-88
BLE,1657199419360288345,DF:A6:DC:DC:2E:81,-52
BLE,1657199419371051227,C0:F8:BB:9D:12:93,-51
BLE,1657199419373403796,43:E7:57:21:47:04,-74
BLE,1657199419420080629,37:D8:BB:0E:51:AE,-59
BLE,1657199419456036006,3F:F2:AA:87:D5:AE,-34
BLE,1657199419470071436,C0:F8:BB:9D:12:93,-49
BLE,1657199419482176499,43:E7:57:21:47:04,-74
BLE,1657199419522311904,C0:F8:BB:9D:12:93,-53
BLE,1657199419564054174,3F:F2:AA:87:D5:AE,-30
BLE,1657199419567171482,DF:A6:DC:DC:2E:81,-52
BLE,1657199419573369911,C0:F8:BB:9D:12:93,-50
BLE,1657199419584772903,43:E7:57:21:47:04,-73
BLE,1657199419620094207,C0:F8:BB:9D:12:93,-50
BLE,1657199419628329743,37:D8:BB:0E:51:AE,-68
BLE,1657199419664893749,3F:F2:AA:87:D5:AE,-31
BLE,1657199419671019567,C0:F8:BB:9D:12:93,-50
BLE,1657199419718547658,C0:F8:BB:9D:12:93,-49
BLE,1657199419733332808,37:D8:BB:0E:51:AE,-58
BLE,1657199419764842992,3F:F2:AA:87:D5:AE,-36
BLE,1657199419769413296,C0:F8:BB:9D:12:93,-52
BLE,1657199419777197851,DF:A6:DC:DC:2E:81,-57
BLE,1657199419823637463,C0:F8:BB:9D:12:93,-50
BLE,1657199419828729932,37:D8:BB:0E:51:AE,-66
BLE,1657199419869956260,C0:F8:BB:9D:12:93,-51
BLE,1657199419877493205,DF:A6:DC:DC:2E:81,-50
BLE,1657199419900577390,43:E7:57:21:47:04,-71
BLE,1657199419920969786,C0:F8:BB:9D:12:93,-49
BLE,1657199419928735212,37:D8:BB:0E:51:AE,-62
BLE,1657199419971045870,3F:F2:AA:87:D5:AE,-34
BLE,1657199420022120915,C0:F8:BB:9D:12:93,-51
BLE,1657199420032492742,37:D8:BB:0E:51:AE,-68
BLE,1657199420078630058,3F:F2:AA:87:D5:AE,-36
BLE,1657199420089618995,DF:A6:DC:DC:2E:81,-57
BLE,1657199420120250700,C0:F8:BB:9D:12:93,-49
BLE,1657199420132533800,37:D8:BB:0E:51:AE,-62
BLE,1657199420169783008,C0:F8:BB:9D:12:93,-50
BLE,1657199420190842013,DF:A6:DC:DC:2E:81,-50
BLE,1657199420221503088,C0:F8:BB:9D:12:93,-52
BLE,1657199420272029579,C0:F8:BB:9D:12:93,-50
BLE,1657199420294848857,3F:F2:AA:87:D5:AE,-31
BLE,1657199420297157019,DF:A6:DC:DC:2E:81,-57
BLE,1657199420324265824,43:E7:57:21:47:04,-71
BLE,1657199420332061991,37:D8:BB:0E:51:AE,-62
BLE,1657199420370654325,C0:F8:BB:9D:12:93,-50
BLE,1657199420398757350,DF:A6:DC:DC:2E:81,-52
BLE,1657199420400251662,3F:F2:AA:87:D5:AE,-34
BLE,1657199420420597743,C0:F8:BB:9D:12:93,-52
BLE,1657199420437099592,37:D8:BB:0E:51:AE,-67
BLE,1657199420504770486,DF:A6:DC:DC:2E:81,-50
BLE,1657199420509022680,3F:F2:AA:87:D5:AE,-30
BLE,1657199420521915371,C0:F8:BB:9D:12:93,-51
BLE,1657199420571786678,C0:F8:BB:9D:12:93,-50
BLE,1657199420607456575,DF:A6:DC:DC:2E:81,-56
BLE,1657199420611428491,3F:F2:AA:87:D5:AE,-31
BLE,1657199420621767244,C0:F8:BB:9D:12:93,-52
BLE,1657199420671211256,C0:F8:BB:9D:12:93,-52
BLE,1657199420707447781,DF:A6:DC:DC:2E:81,-51
BLE,1657199420720202843,3F:F2:AA:87:D5:AE,-31
BLE,1657199420722522671,C0:F8:BB:9D:12:93,-33
BLE,1657199420739409723,37:D8:BB:0E:51:AE,-62
BLE,1657199420772077812,C0:F8:BB:9D:12:93,-50
BLE,1657199420813467991,DF:A6:DC:DC:2E:81,-56
BLE,1657199420820493308,C0:F8:BB:9D:12:93,-51
BLE,1657199420826012294,3F:F2:AA:87:D5:AE,-34
BLE,1657199420843748641,37:D8:BB:0E:51:AE,-67
BLE,1657199420870617873,C0:F8:BB:9D:12:93,-52
BLE,1657199420919282368,DF:A6:DC:DC:2E:81,-52
BLE,1657199420929850973,3F:F2:AA:87:D5:AE,-30
BLE,1657199420948342188,37:D8:BB:0E:51:AE,-42
BLE,1657199420972250816,C0:F8:BB:9D:12:93,-33
BLE,1657199421019906184,C0:F8:BB:9D:12:93,-33
BLE,1657199421036137090,3F:F2:AA:87:D5:AE,-31
BLE,1657199421050844777,37:D8:BB:0E:51:AE,-62
BLE,1657199421065558056,43:E7:57:21:47:04,-71
BLE,1657199421119862705,C0:F8:BB:9D:12:93,-52
BLE,1657199421127283483,DF:A6:DC:DC:2E:81,-57
BLE,1657199421141501635,3F:F2:AA:87:D5:AE,-34
BLE,1657199421151931369,37:D8:BB:0E:51:AE,-59
BLE,1657199421172711486,C0:F8:BB:9D:12:93,-50
BLE,1657199421270712975,C0:F8:BB:9D:12:93,-50
BLE,1657199421321172151,C0:F8:BB:9D:12:93,-52
BLE,1657199421341997953,DF:A6:DC:DC:2E:81,-52
BLE,1657199421351099135,3F:F2:AA:87:D5:AE,-31
BLE,1657199421373023786,C0:F8:BB:9D:12:93,-50
BLE,1657199421422823297,C0:F8:BB:9D:12:93,-50
BLE,1657199421446944888,DF:A6:DC:DC:2E:81,-51
BLE,1657199421448714069,37:D8:BB:0E:51:AE,-68
BLE,1657199421455988125,3F:F2:AA:87:D5:AE,-34
BLE,1657199421469384093,C0:F8:BB:9D:12:93,-49
BLE,1657199421522300301,C0:F8:BB:9D:12:93,-52
BLE,1657199421553376412,37:D8:BB:0E:51:AE,-59
BLE,1657199421554902315,DF:A6:DC:DC:2E:81,-57
BLE,1657199421572455051,C0:F8:BB:9D:12:93,-52
BLE,1657199421619948901,C0:F8:BB:9D:12:93,-50
BLE,1657199421651271326,37:D8:BB:0E:51:AE,-69
BLE,1657199421661036747,DF:A6:DC:DC:2E:81,-52
BLE,1657199421690961824,43:E7:57:21:47:04,-72
BLE,1657199421721760232,C0:F8:BB:9D:12:93,-50
BLE,1657199421756269557,37:D8:BB:0E:51:AE,-59
BLE,1657199421763594651,DF:A6:DC:DC:2E:81,-52
BLE,1657199421769771414,3F:F2:AA:87:D5:AE,-34
BLE,1657199421772395074,C0:F8:BB:9D:12:93,-52
BLE,1657199421820331460,C0:F8:BB:9D:12:93,-52
BLE,1657199421856278411,37:D8:BB:0E:51:AE,-67
BLE,1657199421872600484,C0:F8:BB:9D:12:93,-50
BLE,1657199421919463779,C0:F8:BB:9D:12:93,-49
BLE,1657199421961296735,37:D8:BB:0E:51:AE,-59
BLE,1657199421969372697,C0:F8:BB:9D:12:93,-49
BLE,1657199421974056334,3F:F2:AA:87:D5:AE,-34
BLE,1657199422022397497,C0:F8:BB:9D:12:93,-52
BLE,1657199422064611415,37:D8:BB:0E:51:AE,-62
BLE,1657199422071290880,C0:F8:BB:9D:12:93,-51
BLE,1657199422079893378,3F:F2:AA:87:D5:AE,-36
BLE,1657199422117763788,43:E7:57:21:47:04,-74
BLE,1657199422164492880,37:D8:BB:0E:51:AE,-59
BLE,1657199422170031274,C0:F8:BB:9D:12:93,-49
BLE,1657199422185600496,DF:A6:DC:DC:2E:81,-57
BLE,1657199422221363689,C0:F8:BB:9D:12:93,-52
BLE,1657199422266381693,37:D8:BB:0E:51:AE,-62
BLE,1657199422273520379,C0:F8:BB:9D:12:93,-50
BLE,1657199422286991181,DF:A6:DC:DC:2E:81,-52
BLE,1657199422289792266,3F:F2:AA:87:D5:AE,-34
BLE,1657199422322868132,C0:F8:BB:9D:12:93,-50
BLE,1657199422366324639,37:D8:BB:0E:51:AE,-59
BLE,1657199422394957904,3F:F2:AA:87:D5:AE,-37
BLE,1657199422421802248,C0:F8:BB:9D:12:93,-52
BLE,1657199422435264568,43:E7:57:21:47:04,-73
BLE,1657199422467145103,37:D8:BB:0E:51:AE,-62
BLE,1657199422470617187,C0:F8:BB:9D:12:93,-52
BLE,1657199422494456408,DF:A6:DC:DC:2E:81,-52
BLE,1657199422521067493,C0:F8:BB:9D:12:93,-50
BLE,1657199422543525384,43:E7:57:21:47:04,-73
BLE,1657199422565891941,37:D8:BB:0E:51:AE,-42
BLE,1657199422601688560,DF:A6:DC:DC:2E:81,-50
BLE,1657199422604809923,3F:F2:AA:87:D5:AE,-34
BLE,1657199422620209590,C0:F8:BB:9D:12:93,-49
BLE,1657199422667669773,37:D8:BB:0E:51:AE,-68
BLE,1657199422670990505,C0:F8:BB:9D:12:93,-52
BLE,1657199422707494900,3F:F2:AA:87:D5:AE,-36
BLE,1657199422720110536,C0:F8:BB:9D:12:93,-53
BLE,1657199422772029265,C0:F8:BB:9D:12:93,-45
BLE,1657199422813557036,3F:F2:AA:87:D5:AE,-31
BLE,1657199422820263427,C0:F8:BB:9D:12:93,-50
BLE,1657199422868650627,C0:F8:BB:9D:12:93,-50
BLE,1657199422872557988,37:D8:BB:0E:51:AE,-62
BLE,1657199422915685829,3F:F2:AA:87:D5:AE,-36
BLE,1657199422919887264,DF:A6:DC:DC:2E:81,-53
BLE,1657199422921523427,C0:F8:BB:9D:12:93,-51
BLE,1657199422970408791,C0:F8:BB:9D:12:93,-51
BLE,1657199422972613490,37:D8:BB:0E:51:AE,-58
BLE,1657199423019696322,3F:F2:AA:87:D5:AE,-31
BLE,1657199423068870964,37:D8:BB:0E:51:AE,-68
BLE,1657199423119166159,3F:F2:AA:87:D5:AE,-34
BLE,1657199423121235506,DF:A6:DC:DC:2E:81,-52
BLE,1657199423169463761,C0:F8:BB:9D:12:93,-52
BLE,1657199423221496230,C0:F8:BB:9D:12:93,-50
BLE,1657199423228117214,3F:F2:AA:87:D5:AE,-36
BLE,1657199423318517035,C0:F8:BB:9D:12:93,-50
BLE,1657199423331359782,DF:A6:DC:DC:2E:81,-57
BLE,1657199423371894723,C0:F8:BB:9D:12:93,-53
BLE,1657199423375878584,37:D8:BB:0E:51:AE,-59
BLE,1657199423422566824,C0:F8:BB:9D:12:93,-50
BLE,1657199423438486879,DF:A6:DC:DC:2E:81,-52
BLE,1657199423439073896,3F:F2:AA:87:D5:AE,-34
BLE,1657199423469869971,C0:F8:BB:9D:12:93,-49
BLE,1657199423473793887,37:D8:BB:0E:51:AE,-67
BLE,1657199423518650428,C0:F8:BB:9D:12:93,-50
BLE,1657199423539402620,3F:F2:AA:87:D5:AE,-37
BLE,1657199423541245078,DF:A6:DC:DC:2E:81,-52
BLE,1657199423618849893,C0:F8:BB:9D:12:93,-52
BLE,1657199423646048662,3F:F2:AA:87:D5:AE,-31
BLE,1657199423669832994,C0:F8:BB:9D:12:93,-50
BLE,1657199423677141032,37:D8:BB:0E:51:AE,-68
BLE,1657199423720937335,C0:F8:BB:9D:12:93,-50
BLE,1657199423750435339,3F:F2:AA:87:D5:AE,-34
BLE,1657199423759509502,DF:A6:DC:DC:2E:81,-56
BLE,1657199423772413971,C0:F8:BB:9D:12:93,-53
BLE,1657199423783801370,37:D8:BB:0E:51:AE,-58
BLE,1657199423818850990,C0:F8:BB:9D:12:93,-52
BLE,1657199423855024626,3F:F2:AA:87:D5:AE,-38
BLE,1657199423869270444,DF:A6:DC:DC:2E:81,-57
BLE,1657199423932288831,41:0C:7E:D1:8F:D7,-83
BLE,1657199423956138533,3F:F2:AA:87:D5:AE,-34
BLE,1657199423969828260,C0:F8:BB:9D:12:93,-50
BLE,1657199423976211004,DF:A6:DC:DC:2E:81,-52
BLE,1657199423987265274,37:D8:BB:0E:51:AE,-59
BLE,1657199424022358949,C0:F8:BB:9D:12:93,-52
BLE,1657199424060700599,3F:F2:AA:87:D5:AE,-36
BLE,1657199424070535223,C0:F8:BB:9D:12:93,-52
BLE,1657199424083649451,DF:A6:DC:DC:2E:81,-50
BLE,1657199424090943823,37:D8:BB:0E:51:AE,-62
BLE,1657199424119970254,C0:F8:BB:9D:12:93,-50
BLE,1657199424162826096,3F:F2:AA:87:D5:AE,-31
BLE,1657199424169844264,C0:F8:BB:9D:12:93,-49
BLE,1657199424188273443,DF:A6:DC:DC:2E:81,-56
BLE,1657199424208545876,43:E7:57:21:47:04,-74
BLE,1657199424221893455,C0:F8:BB:9D:12:93,-52
BLE,1657199424271802095,3F:F2:AA:87:D5:AE,-34
BLE,1657199424292144232,DF:A6:DC:DC:2E:81,-53
BLE,1657199424293811117,37:D8:BB:0E:51:AE,-62
BLE,1657199424319953332,C0:F8:BB:9D:12:93,-51
BLE,1657199424373788593,3F:F2:AA:87:D5:AE,-36
BLE,1657199424395136320,37:D8:BB:0E:51:AE,-66
BLE,1657199424418522431,C0:F8:BB:9D:12:93,-51
BLE,1657199424472380098,C0:F8:BB:9D:12:93,-52
BLE,1657199424501190937,DF:A6:DC:DC:2E:81,-56
BLE,1657199424505114483,37:D8:BB:0E:51:AE,-59
BLE,1657199424519914041,C0:F8:BB:9D:12:93,-54
BLE,1657199424524038401,43:E7:57:21:47:04,-76
BLE,1657199424572048916,C0:F8:BB:9D:12:93,-50
BLE,1657199424585382903,3F:F2:AA:87:D5:AE,-34
BLE,1657199424604214877,DF:A6:DC:DC:2E:81,-52
BLE,1657199424671972919,C0:F8:BB:9D:12:93,-52
BLE,1657199424694935679,3F:F2:AA:87:D5:AE,-34
BLE,1657199424709538348,DF:A6:DC:DC:2E:81,-51
BLE,1657199424712151378,37:D8:BB:0E:51:AE,-68
BLE,1657199424720601118,C0:F8:BB:9D:12:93,-35
BLE,1657199424736792857,43:E7:57:21:47:04,-70
BLE,1657199424771254293,C0:F8:BB:9D:12:93,-51
BLE,1657199424796616251,3F:F2:AA:87:D5:AE,-27
BLE,1657199424816320704,37:D8:BB:0E:51:AE,-43
BLE,1657199424870033835,C0:F8:BB:9D:12:93,-34
BLE,1657199424916393391,37:D8:BB:0E:51:AE,-53
BLE,1657199424926934070,DF:A6:DC:DC:2E:81,-40
BLE,1657199424969970301,C0:F8:BB:9D:12:93,-36
BLE,1657199425003800720,3F:F2:AA:87:D5:AE,-27
BLE,1657199425022616953,C0:F8:BB:9D:12:93,-43
BLE,1657199425029340826,DF:A6:DC:DC:2E:81,-35
BLE,1657199425081969348,54:E5:89:22:C3:51,-66
BLE,1657199425121683754,C0:F8:BB:9D:12:93,-35
BLE,1657199425137013958,DF:A6:DC:DC:2E:81,-34
BLE,1657199425169973972,C0:F8:BB:9D:12:93,-36
BLE,1657199425198432737,41:0C:7E:D1:8F:D7,-72
BLE,1657199425208758546,3F:F2:AA:87:D5:AE,-27
BLE,1657199425219991593,C0:F8:BB:9D:12:93,-33
BLE,1657199425242461243,DF:A6:DC:DC:2E:81,-41
BLE,1657199425312880224,3F:F2:AA:87:D5:AE,-27
BLE,1657199425320179077,C0:F8:BB:9D:12:93,-33
BLE,1657199425321985980,37:D8:BB:0E:51:AE,-54
BLE,1657199425350627578,DF:A6:DC:DC:2E:81,-36
BLE,1657199425368201684,43:E7:57:21:47:04,-55
BLE,1657199425371143492,C0:F8:BB:9D:12:93,-36
BLE,1657199425422783147,C0:F8:BB:9D:12:93,-33
BLE,1657199425457428842,DF:A6:DC:DC:2E:81,-35
BLE,1657199425472155473,C0:F8:BB:9D:12:93,-33
BLE,1657199425475001374,43:E7:57:21:47:04,-56
BLE,1657199425521400967,37:D8:BB:0E:51:AE,-53
BLE,1657199425523708628,3F:F2:AA:87:D5:AE,-30
BLE,1657199425566466193,DF:A6:DC:DC:2E:81,-36
BLE,1657199425572203531,C0:F8:BB:9D:12:93,-36
BLE,1657199425619406715,C0:F8:BB:9D:12:93,-36
BLE,1657199425626026384,3F:F2:AA:87:D5:AE,-30
BLE,1657199425628819322,37:D8:BB:0E:51:AE,-42
BLE,1657199425668230228,DF:A6:DC:DC:2E:81,-36
BLE,1657199425670012742,C0:F8:BB:9D:12:93,-33
BLE,1657199425682392176,43:E7:57:21:47:04,-56
BLE,1657199425769170524,C0:F8:BB:9D:12:93,-33
BLE,1657199425772499313,DF:A6:DC:DC:2E:81,-35
BLE,1657199425820731864,C0:F8:BB:9D:12:93,-36
BLE,1657199425828885919,37:D8:BB:0E:51:AE,-44
BLE,1657199425836246716,3F:F2:AA:87:D5:AE,-30
BLE,1657199425872697166,C0:F8:BB:9D:12:93,-33
BLE,1657199425876881045,DF:A6:DC:DC:2E:81,-41
BLE,1657199425919889850,C0:F8:BB:9D:12:93,-33
BLE,1657199425934694796,37:D8:BB:0E:51:AE,-47
BLE,1657199425944742606,3F:F2:AA:87:D5:AE,-30
BLE,1657199425970338748,C0:F8:BB:9D:12:93,-33
BLE,1657199425977478065,DF:A6:DC:DC:2E:81,-36
BLE,1657199426020034648,C0:F8:BB:9D:12:93,-34
BLE,1657199426032198953,37:D8:BB:0E:51:AE,-42
BLE,1657199426072213079,C0:F8:BB:9D:12:93,-35
BLE,1657199426086366657,DF:A6:DC:DC:2E:81,-35
BLE,1657199426119854725,C0:F8:BB:9D:12:93,-33
BLE,1657199426128844167,37:D8:BB:0E:51:AE,-52
BLE,1657199426156856433,3F:F2:AA:87:D5:AE,-26
BLE,1657199426169867124,C0:F8:BB:9D:12:93,-33
BLE,1657199426192082349,DF:A6:DC:DC:2E:81,-41
BLE,1657199426221056817,C0:F8:BB:9D:12:93,-33
BLE,1657199426233444028,37:D8:BB:0E:51:AE,-43
BLE,1657199426263812178,3F:F2:AA:87:D5:AE,-27
BLE,1657199426271158642,C0:F8:BB:9D:12:93,-36
BLE,1657199426300933886,DF:A6:DC:DC:2E:81,-41
BLE,1657199426322240242,C0:F8:BB:9D:12:93,-33
BLE,1657199426332178848,37:D8:BB:0E:51:AE,-54
BLE,1657199426369862314,C0:F8:BB:9D:12:93,-34
BLE,1657199426409292109,DF:A6:DC:DC:2E:81,-36
BLE,1657199426420005176,C0:F8:BB:9D:12:93,-34
BLE,1657199426422463503,43:E7:57:21:47:04,-56
BLE,1657199426439507426,37:D8:BB:0E:51:AE,-42
BLE,1657199426521425341,C0:F8:BB:9D:12:93,-36
BLE,1657199426539676242,37:D8:BB:0E:51:AE,-48
BLE,1657199426570865223,C0:F8:BB:9D:12:93,-33
BLE,1657199426578772408,3F:F2:AA:87:D5:AE,-27
BLE,1657199426614448045,DF:A6:DC:DC:2E:81,-42
BLE,1657199426670671652,C0:F8:BB:9D:12:93,-34
BLE,1657199426686078282,3F:F2:AA:87:D5:AE,-30
BLE,1657199426721234791,DF:A6:DC:DC:2E:81,-36
BLE,1657199426749694353,37:D8:BB:0E:51:AE,-43
BLE,1657199426768800270,C0:F8:BB:9D:12:93,-36
BLE,1657199426819821593,C0:F8:BB:9D:12:93,-33
BLE,1657199426826462632,DF:A6:DC:DC:2E:81,-34
BLE,1657199426871130341,C0:F8:BB:9D:12:93,-49
BLE,1657199426890454813,3F:F2:AA:87:D5:AE,-31
BLE,1657199426918460543,C0:F8:BB:9D:12:93,-49
BLE,1657199426929952941,DF:A6:DC:DC:2E:81,-57
BLE,1657199426955116233,37:D8:BB:0E:51:AE,-57
BLE,1657199426995699821,3F:F2:AA:87:D5:AE,-34
BLE,1657199427022558739,C0:F8:BB:9D:12:93,-50
BLE,1657199427031114348,DF:A6:DC:DC:2E:81,-50
BLE,1657199427043767503,43:E7:57:21:47:04,-77
BLE,1657199427057182397,37:D8:BB:0E:51:AE,-64
BLE,1657199427098830927,3F:F2:AA:87:D5:AE,-36
BLE,1657199427119395804,C0:F8:BB:9D:12:93,-49
BLE,1657199427133568493,DF:A6:DC:DC:2E:81,-56
BLE,1657199427162616609,37:D8:BB:0E:51:AE,-68
BLE,1657199427167803485,C0:F8:BB:9D:12:93,-50
BLE,1657199427219853528,C0:F8:BB:9D:12:93,-52
BLE,1657199427241267699,DF:A6:DC:DC:2E:81,-52
BLE,1657199427265150901,37:D8:BB:0E:51:AE,-65
BLE,1657199427272526346,C0:F8:BB:9D:12:93,-50
BLE,1657199427309350370,3F:F2:AA:87:D5:AE,-34
BLE,1657199427319918437,C0:F8:BB:9D:12:93,-50
BLE,1657199427368744154,C0:F8:BB:9D:12:93,-49
BLE,1657199427410782850,3F:F2:AA:87:D5:AE,-36
BLE,1657199427420341253,C0:F8:BB:9D:12:93,-53
BLE,1657199427450115941,DF:A6:DC:DC:2E:81,-57
BLE,1657199427472339259,C0:F8:BB:9D:12:93,-50
BLE,1657199427481434311,2E:CB:29:75:1D:1B,-73
BLE,1657199427511208888,3F:F2:AA:87:D5:AE,-34
BLE,1657199427519950201,C0:F8:BB:9D:12:93,-50
BLE,1657199427548824706,DF:A6:DC:DC:2E:81,-50
BLE,1657199427568945084,C0:F8:BB:9D:12:93,-50
BLE,1657199427613848606,3F:F2:AA:87:D5:AE,-36
BLE,1657199427621143034,C0:F8:BB:9D:12:93,-52
BLE,1657199427657499447,DF:A6:DC:DC:2E:81,-52
BLE,1657199427668863235,C0:F8:BB:9D:12:93,-52
BLE,1657199427674103963,43:E7:57:21:47:04,-77
BLE,1657199427719906465,3F:F2:AA:87:D5:AE,-31
BLE,1657199427760039017,DF:A6:DC:DC:2E:81,-53
BLE,1657199427818328508,C0:F8:BB:9D:12:93,-50
BLE,1657199427825620472,3F:F2:AA:87:D5:AE,-34
BLE,1657199427865793024,DF:A6:DC:DC:2E:81,-50
BLE,1657199427868923980,C0:F8:BB:9D:12:93,-51
BLE,1657199427919924728,C0:F8:BB:9D:12:93,-51
BLE,1657199427931314109,3F:F2:AA:87:D5:AE,-36
BLE,1657199427970109109,DF:A6:DC:DC:2E:81,-55
BLE,1657199427983921891,37:D8:BB:0E:51:AE,-63
BLE,1657199428020885525,C0:F8:BB:9D:12:93,-50
BLE,1657199428036682931,3F:F2:AA:87:D5:AE,-31
BLE,1657199428070052704,DF:A6:DC:DC:2E:81,-53
BLE,1657199428120421491,C0:F8:BB:9D:12:93,-53
BLE,1657199428135808973,3F:F2:AA:87:D5:AE,-36
BLE,1657199428169913354,C0:F8:BB:9D:12:93,-49
BLE,1657199428176315487,DF:A6:DC:DC:2E:81,-50
BLE,1657199428221335195,C0:F8:BB:9D:12:93,-50
BLE,1657199428237431342,3F:F2:AA:87:D5:AE,-31
BLE,1657199428268939118,C0:F8:BB:9D:12:93,-50
BLE,1657199428285283172,37:D8:BB:0E:51:AE,-58
BLE,1657199428321239716,C0:F8:BB:9D:12:93,-52
BLE,1657199428343847680,3F:F2:AA:87:D5:AE,-34
BLE,1657199428371675707,C0:F8:BB:9D:12:93,-51
BLE,1657199428394884429,DF:A6:DC:DC:2E:81,-55
BLE,1657199428432168451,2E:CB:29:75:1D:1B,-80
BLE,1657199428444548199,3F:F2:AA:87:D5:AE,-36
BLE,1657199428467766070,C0:F8:BB:9D:12:93,-50
BLE,1657199428521522534,C0:F8:BB:9D:12:93,-51
BLE,1657199428545714255,3F:F2:AA:87:D5:AE,-34
BLE,1657199428572602524,C0:F8:BB:9D:12:93,-50
BLE,1657199428620821075,C0:F8:BB:9D:12:93,-50
BLE,1657199428654483125,3F:F2:AA:87:D5:AE,-34
BLE,1657199428669865736,C0:F8:BB:9D:12:93,-50
BLE,1657199428719521247,C0:F8:BB:9D:12:93,-50
BLE,1657199428757378379,3F:F2:AA:87:D5:AE,-31
BLE,1657199428770765496,C0:F8:BB:9D:12:93,-52
BLE,1657199428820080934,C0:F8:BB:9D:12:93,-50
BLE,1657199428843837488,43:E7:57:21:47:04,-74
BLE,1657199428863200905,3F:F2:AA:87:D5:AE,-34
BLE,1657199428888879158,37:D8:BB:0E:51:AE,-58
BLE,1657199428920765268,C0:F8:BB:9D:12:93,-49
BLE,1657199428965816605,3F:F2:AA:87:D5:AE,-37
BLE,1657199428972324756,C0:F8:BB:9D:12:93,-52
BLE,1657199428988400051,37:D8:BB:0E:51:AE,-70
BLE,1657199429069212302,3F:F2:AA:87:D5:AE,-31
BLE,1657199429120808457,C0:F8:BB:9D:12:93,-45
BLE,1657199429124906188,DF:A6:DC:DC:2E:81,-50
BLE,1657199429170077506,3F:F2:AA:87:D5:AE,-36
BLE,1657199429171700873,C0:F8:BB:9D:12:93,-51
BLE,1657199429188874480,37:D8:BB:0E:51:AE,-69
BLE,1657199429220884256,C0:F8:BB:9D:12:93,-52
BLE,1657199429229635124,DF:A6:DC:DC:2E:81,-55
BLE,1657199429270768618,C0:F8:BB:9D:12:93,-50
BLE,1657199429290160720,37:D8:BB:0E:51:AE,-65
BLE,1657199429315180845,32:D2:6E:37:6A:1B,-89
BLE,1657199429334207707,DF:A6:DC:DC:2E:81,-52
BLE,1657199429368294459,C0:F8:BB:9D:12:93,-50
BLE,1657199429379356211,3F:F2:AA:87:D5:AE,-34
BLE,1657199429473034469,C0:F8:BB:9D:12:93,-50
BLE,1657199429483739666,3F:F2:AA:87:D5:AE,-36
BLE,1657199429498511130,37:D8:BB:0E:51:AE,-58
BLE,1657199429521288854,C0:F8:BB:9D:12:93,-50
BLE,1657199429543485319,DF:A6:DC:DC:2E:81,-55
BLE,1657199429588661971,3F:F2:AA:87:D5:AE,-31
BLE,1657199429620288396,C0:F8:BB:9D:12:93,-49
BLE,1657199429648545958,DF:A6:DC:DC:2E:81,-53
BLE,1657199429671155274,C0:F8:BB:9D:12:93,-54
BLE,1657199429697384693,3F:F2:AA:87:D5:AE,-31
BLE,1657199429702706051,37:D8:BB:0E:51:AE,-58
BLE,1657199429721079007,C0:F8:BB:9D:12:93,-50
BLE,1657199429749501643,DF:A6:DC:DC:2E:81,-50
BLE,1657199429805724083,3F:F2:AA:87:D5:AE,-34
BLE,1657199429821018084,C0:F8:BB:9D:12:93,-50
BLE,1657199429859608788,DF:A6:DC:DC:2E:81,-55
BLE,1657199429915046804,3F:F2:AA:87:D5:AE,-34
BLE,1657199429922995822,C0:F8:BB:9D:12:93,-51
BLE,1657199429968779361,DF:A6:DC:DC:2E:81,-56
BLE,1657199429971283873,C0:F8:BB:9D:12:93,-50
BLE,1657199430067980069,DF:A6:DC:DC:2E:81,-51
BLE,1657199430072366280,C0:F8:BB:9D:12:93,-51
BLE,1657199430084808140,43:E7:57:21:47:04,-74
BLE,1657199430110952688,37:D8:BB:0E:51:AE,-65
BLE,1657199430118716022,C0:F8:BB:9D:12:93,-52
BLE,1657199430127382501,3F:F2:AA:87:D5:AE,-31
BLE,1657199430170096677,C0:F8:BB:9D:12:93,-50
BLE,1657199430216007697,37:D8:BB:0E:51:AE,-58
BLE,1657199430219964095,C0:F8:BB:9D:12:93,-50
BLE,1657199430233759655,3F:F2:AA:87:D5:AE,-34
BLE,1657199430268459868,C0:F8:BB:9D:12:93,-49
BLE,1657199430277544847,DF:A6:DC:DC:2E:81,-53
BLE,1657199430313471705,37:D8:BB:0E:51:AE,-64
BLE,1657199430321365668,C0:F8:BB:9D:12:93,-52
BLE,1657199430342512673,3F:F2:AA:87:D5:AE,-34
BLE,1657199430372952971,C0:F8:BB:9D:12:93,-50
BLE,1657199430381447025,DF:A6:DC:DC:2E:81,-51
BLE,1657199430417223106,37:D8:BB:0E:51:AE,-58
BLE,1657199430421418226,C0:F8:BB:9D:12:93,-50
BLE,1657199430449980176,3F:F2:AA:87:D5:AE,-36
BLE,1657199430485244074,DF:A6:DC:DC:2E:81,-55
BLE,1657199430518935901,C0:F8:BB:9D:12:93,-50
BLE,1657199430590777414,DF:A6:DC:DC:2E:81,-53
BLE,1657199430623231152,C0:F8:BB:9D:12:93,-50
BLE,1657199430658796882,3F:F2:AA:87:D5:AE,-34
BLE,1657199430670048281,C0:F8:BB:9D:12:93,-51
BLE,1657199430717699334,37:D8:BB:0E:51:AE,-66
BLE,1657199430721118307,C0:F8:BB:9D:12:93,-49
BLE,1657199430766272496,3F:F2:AA:87:D5:AE,-36
BLE,1657199430770483856,C0:F8:BB:9D:12:93,-52
BLE,1657199430801444690,DF:A6:DC:DC:2E:81,-56
BLE,1657199430820018886,C0:F8:BB:9D:12:93,-52
BLE,1657199430867986809,3F:F2:AA:87:D5:AE,-31
BLE,1657199430872023096,C0:F8:BB:9D:12:93,-50
BLE,1657199430908333620,DF:A6:DC:DC:2E:81,-52
BLE,1657199430915060511,54:E5:89:22:C3:51,-90
BLE,1657199430919479797,C0:F8:BB:9D:12:93,-49
BLE,1657199430922172106,37:D8:BB:0E:51:AE,-65
BLE,1657199430970712286,C0:F8:BB:9D:12:93,-50
BLE,1657199430973779019,3F:F2:AA:87:D5:AE,-34
BLE,1657199431019596614,C0:F8:BB:9D:12:93,-52
BLE,1657199431028391797,37:D8:BB:0E:51:AE,-58
BLE,1657199431071051325,C0:F8:BB:9D:12:93,-50
BLE,1657199431082521964,3F:F2:AA:87:D5:AE,-36
BLE,1657199431112624911,DF:A6:DC:DC:2E:81,-53
BLE,1657199431133927767,37:D8:BB:0E:51:AE,-65
BLE,1657199431169270738,C0:F8:BB:9D:12:93,-33
BLE,1657199431189562672,3F:F2:AA:87:D5:AE,-36
BLE,1657199431218031196,C0:F8:BB:9D:12:93,-50
BLE,1657199431219904895,DF:A6:DC:DC:2E:81,-52
BLE,1657199431232686309,37:D8:BB:0E:51:AE,-57
BLE,1657199431290747023,3F:F2:AA:87:D5:AE,-34
BLE,1657199431322051059,C0:F8:BB:9D:12:93,-50
BLE,1657199431371380997,C0:F8:BB:9D:12:93,-50
BLE,1657199431392491188,3F:F2:AA:87:D5:AE,-36
BLE,1657199431418546996,C0:F8:BB:9D:12:93,-50
BLE,1657199431470186484,C0:F8:BB:9D:12:93,-53
BLE,1657199431495770293,3F:F2:AA:87:D5:AE,-34
BLE,1657199431522668118,C0:F8:BB:9D:12:93,-51
BLE,1657199431538422340,DF:A6:DC:DC:2E:81,-53
BLE,1657199431597053922,3F:F2:AA:87:D5:AE,-36
BLE,1657199431620227478,C0:F8:BB:9D:12:93,-49
BLE,1657199431634731239,37:D8:BB:0E:51:AE,-57
BLE,1657199431642878479,DF:A6:DC:DC:2E:81,-52
BLE,1657199431667763216,C0:F8:BB:9D:12:93,-50
BLE,1657199431721804865,C0:F8:BB:9D:12:93,-50
BLE,1657199431770802804,C0:F8:BB:9D:12:93,-51
BLE,1657199431810779746,3F:F2:AA:87:D5:AE,-34
BLE,1657199431819558280,C0:F8:BB:9D:12:93,-50
BLE,1657199431838481605,37:D8:BB:0E:51:AE,-58
BLE,1657199431859216130,DF:A6:DC:DC:2E:81,-56
BLE,1657199431868912218,C0:F8:BB:9D:12:93,-50
BLE,1657199431920099114,3F:F2:AA:87:D5:AE,-34
BLE,1657199431959982279,DF:A6:DC:DC:2E:81,-51
BLE,1657199431965486747,43:E7:57:21:47:04,-87
BLE,1657199431971543010,C0:F8:BB:9D:12:93,-51
BLE,1657199432027003897,3F:F2:AA:87:D5:AE,-36
BLE,1657199432065133435,DF:A6:DC:DC:2E:81,-56
BLE,1657199432069952739,C0:F8:BB:9D:12:93,-51
BLE,1657199432119941934,C0:F8:BB:9D:12:93,-52
BLE,1657199432167604172,DF:A6:DC:DC:2E:81,-52
BLE,1657199432172075884,C0:F8:BB:9D:12:93,-50
BLE,1657199432221122452,C0:F8:BB:9D:12:93,-50
BLE,1657199432269545503,DF:A6:DC:DC:2E:81,-51
BLE,1657199432318442498,C0:F8:BB:9D:12:93,-50
BLE,1657199432338792671,3F:F2:AA:87:D5:AE,-36
BLE,1657199432344679250,37:D8:BB:0E:51:AE,-63
BLE,1657199432369603931,C0:F8:BB:9D:12:93,-52
BLE,1657199432377400487,DF:A6:DC:DC:2E:81,-56
BLE,1657199432415212045,2E:CB:29:75:1D:1B,-80
BLE,1657199432420081978,C0:F8:BB:9D:12:93,-51
BLE,1657199432442233610,37:D8:BB:0E:51:AE,-58
BLE,1657199432469931155,C0:F8:BB:9D:12:93,-51
BLE,1657199432482175848,DF:A6:DC:DC:2E:81,-53
BLE,1657199432518005226,C0:F8:BB:9D:12:93,-50
BLE,1657199432541453744,37:D8:BB:0E:51:AE,-71
BLE,1657199432551960959,3F:F2:AA:87:D5:AE,-34
BLE,1657199432571711375,C0:F8:BB:9D:12:93,-52
BLE,1657199432589512833,DF:A6:DC:DC:2E:81,-50
BLE,1657199432620118667,C0:F8:BB:9D:12:93,-51
BLE,1657199432638954011,37:D8:BB:0E:51:AE,-66
BLE,1657199432660740644,3F:F2:AA:87:D5:AE,-34
BLE,1657199432672352450,C0:F8:BB:9D:12:93,-50
BLE,1657199432699063757,DF:A6:DC:DC:2E:81,-50
BLE,1657199432767576723,3F:F2:AA:87:D5:AE,-36
BLE,1657199432769373034,C0:F8:BB:9D:12:93,-50
BLE,1657199432819984228,C0:F8:BB:9D:12:93,-52
BLE,1657199432848490530,37:D8:BB:0E:51:AE,-57
BLE,1657199432869243425,3F:F2:AA:87:D5:AE,-26
BLE,1657199432911347917,DF:A6:DC:DC:2E:81,-52
BLE,1657199432920207581,C0:F8:BB:9D:12:93,-51
BLE,1657199432945214262,37:D8:BB:0E:51:AE,-72
BLE,1657199432970033203,3F:F2:AA:87:D5:AE,-38
BLE,1657199433009902923,43:E7:57:21:47:04,-74
BLE,1657199433014051913,DF:A6:DC:DC:2E:81,-50
BLE,1657199433049735272,37:D8:BB:0E:51:AE,-57
BLE,1657199433068920264,C0:F8:BB:9D:12:93,-52
BLE,1657199433119822457,DF:A6:DC:DC:2E:81,-41
BLE,1657199433121119547,C0:F8:BB:9D:12:93,-45
BLE,1657199433148505296,37:D8:BB:0E:51:AE,-71
BLE,1657199433171301649,3F:F2:AA:87:D5:AE,-36
BLE,1657199433217670057,C0:F8:BB:9D:12:93,-50
BLE,1657199433226545702,DF:A6:DC:DC:2E:81,-52
BLE,1657199433247247598,37:D8:BB:0E:51:AE,-63
BLE,1657199433268640102,C0:F8:BB:9D:12:93,-53
BLE,1657199433322576585,C0:F8:BB:9D:12:93,-50
BLE,1657199433336545718,DF:A6:DC:DC:2E:81,-53
BLE,1657199433369860731,C0:F8:BB:9D:12:93,-50
BLE,1657199433390528978,3F:F2:AA:87:D5:AE,-31
BLE,1657199433419367872,C0:F8:BB:9D:12:93,-49
BLE,1657199433443966554,DF:A6:DC:DC:2E:81,-51
BLE,1657199433467601665,C0:F8:BB:9D:12:93,-49
BLE,1657199433495156025,3F:F2:AA:87:D5:AE,-34
BLE,1657199433522120849,C0:F8:BB:9D:12:93,-50
BLE,1657199433549090007,DF:A6:DC:DC:2E:81,-55
BLE,1657199433568943034,C0:F8:BB:9D:12:93,-51
BLE,1657199433602641269,3F:F2:AA:87:D5:AE,-36
BLE,1657199433620853484,C0:F8:BB:9D:12:93,-50
BLE,1657199433650235803,37:D8:BB:0E:51:AE,-64
BLE,1657199433668596982,C0:F8:BB:9D:12:93,-50
BLE,1657199433703801064,3F:F2:AA:87:D5:AE,-31
BLE,1657199433720442395,C0:F8:BB:9D:12:93,-52
BLE,1657199433749766307,37:D8:BB:0E:51:AE,-57
BLE,1657199433753280872,DF:A6:DC:DC:2E:81,-56
BLE,1657199433803394623,3F:F2:AA:87:D5:AE,-36
BLE,1657199433819068697,C0:F8:BB:9D:12:93,-50
BLE,1657199433860161765,DF:A6:DC:DC:2E:81,-56
BLE,1657199433869655613,C0:F8:BB:9D:12:93,-50
BLE,1657199433908073207,3F:F2:AA:87:D5:AE,-31
BLE,1657199433920260585,C0:F8:BB:9D:12:93,-51
BLE,1657199433955284335,37:D8:BB:0E:51:AE,-57
BLE,1657199433967006363,DF:A6:DC:DC:2E:81,-53
BLE,1657199433969022191,C0:F8:BB:9D:12:93,-51
BLE,1657199434017549131,3F:F2:AA:87:D5:AE,-31
BLE,1657199434020478494,C0:F8:BB:9D:12:93,-50
BLE,1657199434073648312,DF:A6:DC:DC:2E:81,-50
BLE,1657199434118827204,3F:F2:AA:87:D5:AE,-36
BLE,1657199434165067057,43:E7:57:21:47:04,-76
BLE,1657199434171749726,C0:F8:BB:9D:12:93,-51
BLE,1657199434220926590,C0:F8:BB:9D:12:93,-51
BLE,1657199434222472957,3F:F2:AA:87:D5:AE,-31
BLE,1657199434270130399,C0:F8:BB:9D:12:93,-50
BLE,1657199434281806816,DF:A6:DC:DC:2E:81,-53
BLE,1657199434319999373,C0:F8:BB:9D:12:93,-51
BLE,1657199434321997349,3F:F2:AA:87:D5:AE,-36
BLE,1657199434371610712,C0:F8:BB:9D:12:93,-52
BLE,1657199434387121713,DF:A6:DC:DC:2E:81,-51
BLE,1657199434420485577,C0:F8:BB:9D:12:93,-52
BLE,1657199434425506269,3F:F2:AA:87:D5:AE,-31
BLE,1657199434464625324,37:D8:BB:0E:51:AE,-66
BLE,1657199434471336271,C0:F8:BB:9D:12:93,-51
BLE,1657199434493827402,DF:A6:DC:DC:2E:81,-55
BLE,1657199434520794931,C0:F8:BB:9D:12:93,-50
BLE,1657199434525105995,3F:F2:AA:87:D5:AE,-36
BLE,1657199434570278831,C0:F8:BB:9D:12:93,-50
BLE,1657199434598458690,DF:A6:DC:DC:2E:81,-52
BLE,1657199434620229490,C0:F8:BB:9D:12:93,-51
BLE,1657199434629275339,3F:F2:AA:87:D5:AE,-31
BLE,1657199434667762228,37:D8:BB:0E:51:AE,-66
BLE,1657199434671208405,C0:F8:BB:9D:12:93,-50
BLE,1657199434719300680,C0:F8:BB:9D:12:93,-51
BLE,1657199434731356206,3F:F2:AA:87:D5:AE,-34
BLE,1657199434769692337,C0:F8:BB:9D:12:93,-51
BLE,1657199434819612885,C0:F8:BB:9D:12:93,-52
BLE,1657199434837076102,3F:F2:AA:87:D5:AE,-36
BLE,1657199434913520235,DF:A6:DC:DC:2E:81,-52
BLE,1657199434921133346,C0:F8:BB:9D:12:93,-51
BLE,1657199434938330750,3F:F2:AA:87:D5:AE,-34
BLE,1657199434973511499,37:D8:BB:0E:51:AE,-69
BLE,1657199435019503038,C0:F8:BB:9D:12:93,-51
BLE,1657199435022461549,DF:A6:DC:DC:2E:81,-53
BLE,1657199435045805234,3F:F2:AA:87:D5:AE,-34
BLE,1657199435070575509,C0:F8:BB:9D:12:93,-52
BLE,1657199435078483638,37:D8:BB:0E:51:AE,-57
BLE,1657199435120518778,C0:F8:BB:9D:12:93,-51
BLE,1657199435152563054,3F:F2:AA:87:D5:AE,-36
BLE,1657199435177152717,37:D8:BB:0E:51:AE,-69
BLE,1657199435221279760,C0:F8:BB:9D:12:93,-51
BLE,1657199435237131556,DF:A6:DC:DC:2E:81,-57
BLE,1657199435256266158,3F:F2:AA:87:D5:AE,-31
BLE,1657199435283090076,37:D8:BB:0E:51:AE,-57
BLE,1657199435318944046,C0:F8:BB:9D:12:93,-52
BLE,1657199435346598424,DF:A6:DC:DC:2E:81,-55
BLE,1657199435355046034,3F:F2:AA:87:D5:AE,-38
BLE,1657199435371230384,C0:F8:BB:9D:12:93,-51
BLE,1657199435421020062,C0:F8:BB:9D:12:93,-51
BLE,1657199435454338816,DF:A6:DC:DC:2E:81,-52
BLE,1657199435468333930,C0:F8:BB:9D:12:93,-51
BLE,1657199435521421526,C0:F8:BB:9D:12:93,-52
BLE,1657199435557650440,DF:A6:DC:DC:2E:81,-51
BLE,1657199435569347486,3F:F2:AA:87:D5:AE,-27
BLE,1657199435571138185,C0:F8:BB:9D:12:93,-33
BLE,1657199435593469650,37:D8:BB:0E:51:AE,-57
BLE,1657199435664720480,DF:A6:DC:DC:2E:81,-56
BLE,1657199435667880788,C0:F8:BB:9D:12:93,-50
BLE,1657199435674556383,3F:F2:AA:87:D5:AE,-28
BLE,1657199435697214144,37:D8:BB:0E:51:AE,-66
BLE,1657199435769711619,C0:F8:BB:9D:12:93,-52
BLE,1657199435797236294,37:D8:BB:0E:51:AE,-57
BLE,1657199435820920701,C0:F8:BB:9D:12:93,-51
BLE,1657199435888081689,3F:F2:AA:87:D5:AE,-31
BLE,1657199435893470842,37:D8:BB:0E:51:AE,-72
BLE,1657199435920380389,C0:F8:BB:9D:12:93,-49
BLE,1657199435968295738,C0:F8:BB:9D:12:93,-52
BLE,1657199435973398337,DF:A6:DC:DC:2E:81,-52
BLE,1657199435992656810,3F:F2:AA:87:D5:AE,-34
BLE,1657199436000187551,37:D8:BB:0E:51:AE,-56
BLE,1657199436022246295,C0:F8:BB:9D:12:93,-50
BLE,1657199436070937808,C0:F8:BB:9D:12:93,-50
BLE,1657199436072825174,DF:A6:DC:DC:2E:81,-50
BLE,1657199436118713972,C0:F8:BB:9D:12:93,-50
BLE,1657199436168066150,C0:F8:BB:9D:12:93,-49
BLE,1657199436177272258,DF:A6:DC:DC:2E:81,-58
BLE,1657199436210100143,3F:F2:AA:87:D5:AE,-36
BLE,1657199436222748168,C0:F8:BB:9D:12:93,-50
BLE,1657199436271159831,C0:F8:BB:9D:12:93,-50
BLE,1657199436368820394,C0:F8:BB:9D:12:93,-49
BLE,1657199436390032806,DF:A6:DC:DC:2E:81,-51
BLE,1657199436407101562,37:D8:BB:0E:51:AE,-58
BLE,1657199436421364806,C0:F8:BB:9D:12:93,-52
BLE,1657199436425058501,3F:F2:AA:87:D5:AE,-31
BLE,1657199436472336832,C0:F8:BB:9D:12:93,-50
BLE,1657199436502751667,37:D8:BB:0E:51:AE,-70
BLE,1657199436532651966,3F:F2:AA:87:D5:AE,-34
BLE,1657199436569572100,C0:F8:BB:9D:12:93,-51
BLE,1657199436617714652,C0:F8:BB:9D:12:93,-50
BLE,1657199436670924951,C0:F8:BB:9D:12:93,-52
BLE,1657199436719832038,C0:F8:BB:9D:12:93,-50
BLE,1657199436739372195,3F:F2:AA:87:D5:AE,-27
BLE,1657199436790020889,43:E7:57:21:47:04,-79
BLE,1657199436808509623,DF:A6:DC:DC:2E:81,-56
BLE,1657199436812122855,37:D8:BB:0E:51:AE,-60
BLE,1657199436819232023,C0:F8:BB:9D:12:93,-51
BLE,1657199436847124216,3F:F2:AA:87:D5:AE,-34
BLE,1657199436870120069,C0:F8:BB:9D:12:93,-52
BLE,1657199436909543493,DF:A6:DC:DC:2E:81,-51
BLE,1657199436913954686,37:D8:BB:0E:51:AE,-64
BLE,1657199436920308394,C0:F8:BB:9D:12:93,-50
BLE,1657199436953470777,3F:F2:AA:87:D5:AE,-36
BLE,1657199436969601387,C0:F8:BB:9D:12:93,-50
BLE,1657199437019017547,C0:F8:BB:9D:12:93,-50
BLE,1657199437060098560,3F:F2:AA:87:D5:AE,-31
BLE,1657199437067754357,C0:F8:BB:9D:12:93,-50
BLE,1657199437100579686,43:E7:57:21:47:04,-74
BLE,1657199437117546275,DF:A6:DC:DC:2E:81,-53
BLE,1657199437167631063,3F:F2:AA:87:D5:AE,-31
BLE,1657199437170188538,C0:F8:BB:9D:12:93,-51
BLE,1657199437269886338,C0:F8:BB:9D:12:93,-49
BLE,1657199437321325696,DF:A6:DC:DC:2E:81,-54
BLE,1657199437324762651,37:D8:BB:0E:51:AE,-60
BLE,1657199437369980062,C0:F8:BB:9D:12:93,-50
BLE,1657199437377165656,3F:F2:AA:87:D5:AE,-36
BLE,1657199437415243398,43:E7:57:21:47:04,-70
BLE,1657199437426041465,DF:A6:DC:DC:2E:81,-51
BLE,1657199437469069381,C0:F8:BB:9D:12:93,-49
BLE,1657199437482621219,3F:F2:AA:87:D5:AE,-31
BLE,1657199437519726427,C0:F8:BB:9D:12:93,-51
BLE,1657199437568508329,C0:F8:BB:9D:12:93,-51
BLE,1657199437583401942,3F:F2:AA:87:D5:AE,-37
BLE,1657199437622357849,C0:F8:BB:9D:12:93,-50
BLE,1657199437635192911,DF:A6:DC:DC:2E:81,-52
BLE,1657199437684447534,3F:F2:AA:87:D5:AE,-26
BLE,1657199437719253322,C0:F8:BB:9D:12:93,-50
BLE,1657199437738457572,DF:A6:DC:DC:2E:81,-51
BLE,1657199437770350940,C0:F8:BB:9D:12:93,-52
BLE,1657199437820106340,C0:F8:BB:9D:12:93,-50
BLE,1657199437870463294,C0:F8:BB:9D:12:93,-51
BLE,1657199437893387536,3F:F2:AA:87:D5:AE,-31
BLE,1657199437920687304,C0:F8:BB:9D:12:93,-51
BLE,1657199437959285175,DF:A6:DC:DC:2E:81,-56
BLE,1657199437969696039,C0:F8:BB:9D:12:93,-52
BLE,1657199437999448468,3F:F2:AA:87:D5:AE,-26
BLE,1657199438021998803,C0:F8:BB:9D:12:93,-50
BLE,1657199438069031117,DF:A6:DC:DC:2E:81,-57
BLE,1657199438102029612,3F:F2:AA:87:D5:AE,-37
BLE,1657199438119466719,C0:F8:BB:9D:12:93,-50
BLE,1657199438168691472,C0:F8:BB:9D:12:93,-50
BLE,1657199438174811791,DF:A6:DC:DC:2E:81,-52
BLE,1657199438206278234,3F:F2:AA:87:D5:AE,-31
BLE,1657199438220865533,C0:F8:BB:9D:12:93,-51
BLE,1657199438270906747,C0:F8:BB:9D:12:93,-51
BLE,1657199438310130153,3F:F2:AA:87:D5:AE,-34
BLE,1657199438342706316,37:D8:BB:0E:51:AE,-61
BLE,1657199438370552602,C0:F8:BB:9D:12:93,-50
BLE,1657199438384619327,DF:A6:DC:DC:2E:81,-56
BLE,1657199438414574386,3F:F2:AA:87:D5:AE,-37
BLE,1657199438419887743,C0:F8:BB:9D:12:93,-52
BLE,1657199438439591104,37:D8:BB:0E:51:AE,-59
BLE,1657199438468875849,C0:F8:BB:9D:12:93,-53
BLE,1657199438490279483,DF:A6:DC:DC:2E:81,-53
BLE,1657199438521727519,C0:F8:BB:9D:12:93,-51
BLE,1657199438569655368,C0:F8:BB:9D:12:93,-51
BLE,1657199438596711673,DF:A6:DC:DC:2E:81,-52
BLE,1657199438618780936,C0:F8:BB:9D:12:93,-50
BLE,1657199438625763345,3F:F2:AA:87:D5:AE,-34
BLE,1657199438664656011,54:E5:89:22:C3:51,-79
BLE,1657199438670253535,C0:F8:BB:9D:12:93,-54
BLE,1657199438700523426,DF:A6:DC:DC:2E:81,-56
BLE,1657199438722175893,C0:F8:BB:9D:12:93,-51
BLE,1657199438739604333,37:D8:BB:0E:51:AE,-63
BLE,1657199438769692909,C0:F8:BB:9D:12:93,-51
BLE,1657199438807985207,DF:A6:DC:DC:2E:81,-53
BLE,1657199438818066016,C0:F8:BB:9D:12:93,-51
BLE,1657199438837149415,37:D8:BB:0E:51:AE,-60
BLE,1657199438882169548,2E:CB:29:75:1D:1B,-84
BLE,1657199438917535371,DF:A6:DC:DC:2E:81,-52
BLE,1657199438920844937,C0:F8:BB:9D:12:93,-51
BLE,1657199438970294727,C0:F8:BB:9D:12:93,-51
BLE,1657199439000918135,43:E7:57:21:47:04,-72
BLE,1657199439023840173,DF:A6:DC:DC:2E:81,-52
BLE,1657199439037278104,37:D8:BB:0E:51:AE,-58
BLE,1657199439053983564,3F:F2:AA:87:D5:AE,-29
BLE,1657199439069692768,C0:F8:BB:9D:12:93,-50
BLE,1657199439121021460,C0:F8:BB:9D:12:93,-51
BLE,1657199439132533284,DF:A6:DC:DC:2E:81,-51
BLE,1657199439162773212,3F:F2:AA:87:D5:AE,-34
BLE,1657199439169690918,C0:F8:BB:9D:12:93,-51
BLE,1657199439215623994,43:E7:57:21:47:04,-76
BLE,1657199439239803140,37:D8:BB:0E:51:AE,-59
BLE,1657199439269150755,C0:F8:BB:9D:12:93,-51
BLE,1657199439320489577,C0:F8:BB:9D:12:93,-52
BLE,1657199439339053607,DF:A6:DC:DC:2E:81,-52
BLE,1657199439345245481,37:D8:BB:0E:51:AE,-65
BLE,1657199439368507703,3F:F2:AA:87:D5:AE,-34
BLE,1657199439372004491,C0:F8:BB:9D:12:93,-50
BLE,1657199439419699914,C0:F8:BB:9D:12:93,-51
BLE,1657199439444696595,37:D8:BB:0E:51:AE,-60
BLE,1657199439469618369,C0:F8:BB:9D:12:93,-51
BLE,1657199439473896081,3F:F2:AA:87:D5:AE,-36
BLE,1657199439519218066,C0:F8:BB:9D:12:93,-50
BLE,1657199439544773727,37:D8:BB:0E:51:AE,-66
BLE,1657199439548420441,DF:A6:DC:DC:2E:81,-52
BLE,1657199439571231312,C0:F8:BB:9D:12:93,-53
BLE,1657199439575640857,3F:F2:AA:87:D5:AE,-31
BLE,1657199439619691900,C0:F8:BB:9D:12:93,-50
BLE,1657199439642275087,37:D8:BB:0E:51:AE,-58
BLE,1657199439650956252,DF:A6:DC:DC:2E:81,-52
BLE,1657199439670907352,C0:F8:BB:9D:12:93,-44
BLE,1657199439682151844,3F:F2:AA:87:D5:AE,-34
BLE,1657199439698675434,54:E5:89:22:C3:51,-80
BLE,1657199439720918955,C0:F8:BB:9D:12:93,-50
BLE,1657199439752875231,DF:A6:DC:DC:2E:81,-53
BLE,1657199439788512850,3F:F2:AA:87:D5:AE,-36
BLE,1657199439822582916,C0:F8:BB:9D:12:93,-50
BLE,1657199439835139442,43:E7:57:21:47:04,-72
BLE,1657199439862893172,DF:A6:DC:DC:2E:81,-53
BLE,1657199439870921412,C0:F8:BB:9D:12:93,-50
BLE,1657199439889449609,3F:F2:AA:87:D5:AE,-27
BLE,1657199439920930663,C0:F8:BB:9D:12:93,-50
BLE,1657199439957316521,37:D8:BB:0E:51:AE,-58
BLE,1657199439968811864,C0:F8:BB:9D:12:93,-50
BLE,1657199440020996091,C0:F8:BB:9D:12:93,-52
BLE,1657199440169387719,C0:F8:BB:9D:12:93,-50
BLE,1657199440208194515,3F:F2:AA:87:D5:AE,-31
BLE,1657199440221528891,C0:F8:BB:9D:12:93,-52
BLE,1657199440272253326,C0:F8:BB:9D:12:93,-51
BLE,1657199440279659660,DF:A6:DC:DC:2E:81,-52
BLE,1657199440310941141,3F:F2:AA:87:D5:AE,-34
BLE,1657199440321033561,C0:F8:BB:9D:12:93,-50
BLE,1657199440364811290,37:D8:BB:0E:51:AE,-59
BLE,1657199440370206055,C0:F8:BB:9D:12:93,-49
BLE,1657199440389664360,DF:A6:DC:DC:2E:81,-53
BLE,1657199440418781365,C0:F8:BB:9D:12:93,-49
BLE,1657199440470147668,C0:F8:BB:9D:12:93,-51
BLE,1657199440487713960,DF:A6:DC:DC:2E:81,-51
BLE,1657199440517123612,3F:F2:AA:87:D5:AE,-35
BLE,1657199440522544432,C0:F8:BB:9D:12:93,-50
BLE,1657199440565259312,37:D8:BB:0E:51:AE,-57
BLE,1657199440590249123,DF:A6:DC:DC:2E:81,-58
BLE,1657199440620163051,C0:F8:BB:9D:12:93,-50
BLE,1657199440620969142,3F:F2:AA:87:D5:AE,-36
BLE,1657199440669754581,C0:F8:BB:9D:12:93,-51
BLE,1657199440688448889,DF:A6:DC:DC:2E:81,-50
BLE,1657199440720500571,C0:F8:BB:9D:12:93,-51
BLE,1657199440727599851,3F:F2:AA:87:D5:AE,-31
BLE,1657199440769451640,C0:F8:BB:9D:12:93,-51
BLE,1657199440798457071,DF:A6:DC:DC:2E:81,-51
BLE,1657199440829732922,3F:F2:AA:87:D5:AE,-34
BLE,1657199440905743870,DF:A6:DC:DC:2E:81,-58
BLE,1657199440918926820,C0:F8:BB:9D:12:93,-53
BLE,1657199440972628692,C0:F8:BB:9D:12:93,-50
BLE,1657199440977112052,43:E7:57:21:47:04,-73
BLE,1657199441008943643,DF:A6:DC:DC:2E:81,-53
BLE,1657199441069679350,C0:F8:BB:9D:12:93,-50
BLE,1657199441114091133,DF:A6:DC:DC:2E:81,-51
BLE,1657199441118370345,C0:F8:BB:9D:12:93,-49
BLE,1657199441135290712,3F:F2:AA:87:D5:AE,-37
BLE,1657199441168734114,C0:F8:BB:9D:12:93,-53
BLE,1657199441176087170,37:D8:BB:0E:51:AE,-58
BLE,1657199441217530460,DF:A6:DC:DC:2E:81,-56
BLE,1657199441222475319,C0:F8:BB:9D:12:93,-50
BLE,1657199441241992717,3F:F2:AA:87:D5:AE,-31
BLE,1657199441316524594,DF:A6:DC:DC:2E:81,-51
BLE,1657199441318895330,C0:F8:BB:9D:12:93,-50
BLE,1657199441331696614,41:0C:7E:D1:8F:D7,-85
BLE,1657199441350969772,3F:F2:AA:87:D5:AE,-35
BLE,1657199441372131758,C0:F8:BB:9D:12:93,-51
BLE,1657199441422324620,C0:F8:BB:9D:12:93,-50
BLE,1657199441457234055,3F:F2:AA:87:D5:AE,-35
BLE,1657199441521118866,C0:F8:BB:9D:12:93,-50
BLE,1657199441525269411,DF:A6:DC:DC:2E:81,-53
BLE,1657199441571494060,C0:F8:BB:9D:12:93,-52
BLE,1657199441609020527,43:E7:57:21:47:04,-73
BLE,1657199441619684742,C0:F8:BB:9D:12:93,-53
BLE,1657199441666016817,3F:F2:AA:87:D5:AE,-34
BLE,1657199441669774493,C0:F8:BB:9D:12:93,-51
BLE,1657199441735544447,DF:A6:DC:DC:2E:81,-57
BLE,1657199441769189385,C0:F8:BB:9D:12:93,-49
BLE,1657199441782389132,54:E5:89:22:C3:51,-82
BLE,1657199441840296938,DF:A6:DC:DC:2E:81,-52
BLE,1657199441875181484,3F:F2:AA:87:D5:AE,-31
BLE,1657199441946129297,DF:A6:DC:DC:2E:81,-51
BLE,1657199441968199188,C0:F8:BB:9D:12:93,-49
BLE,1657199441981964878,3F:F2:AA:87:D5:AE,-31
BLE,1657199442021472561,C0:F8:BB:9D:12:93,-52
BLE,1657199442070099242,C0:F8:BB:9D:12:93,-52
BLE,1657199442072313737,37:D8:BB:0E:51:AE,-58
BLE,1657199442088481753,3F:F2:AA:87:D5:AE,-35
BLE,1657199442119453550,C0:F8:BB:9D:12:93,-51
BLE,1657199442165263885,DF:A6:DC:DC:2E:81,-58
BLE,1657199442195285573,3F:F2:AA:87:D5:AE,-37
BLE,1657199442219087924,C0:F8:BB:9D:12:93,-50
BLE,1657199442271439984,C0:F8:BB:9D:12:93,-52
BLE,1657199442274952753,DF:A6:DC:DC:2E:81,-57
BLE,1657199442298949492,3F:F2:AA:87:D5:AE,-31
BLE,1657199442322327233,C0:F8:BB:9D:12:93,-51
BLE,1657199442383861753,DF:A6:DC:DC:2E:81,-53
BLE,1657199442404108797,3F:F2:AA:87:D5:AE,-35
BLE,1657199442419645927,C0:F8:BB:9D:12:93,-51
BLE,1657199442471932283,C0:F8:BB:9D:12:93,-52
BLE,1657199442485325677,DF:A6:DC:DC:2E:81,-52
BLE,1657199442507268718,3F:F2:AA:87:D5:AE,-38
BLE,1657199442520217150,C0:F8:BB:9D:12:93,-53
BLE,1657199442572760062,C0:F8:BB:9D:12:93,-50
BLE,1657199442590566630,DF:A6:DC:DC:2E:81,-57
BLE,1657199442616472846,3F:F2:AA:87:D5:AE,-31
BLE,1657199442621241816,C0:F8:BB:9D:12:93,-49
BLE,1657199442677891755,37:D8:BB:0E:51:AE,-66
BLE,1657199442695057325,DF:A6:DC:DC:2E:81,-53
BLE,1657199442719768248,3F:F2:AA:87:D5:AE,-35
BLE,1657199442721601910,C0:F8:BB:9D:12:93,-53
BLE,1657199442772318789,C0:F8:BB:9D:12:93,-51
BLE,1657199442782229025,37:D8:BB:0E:51:AE,-74
BLE,1657199442827814583,3F:F2:AA:87:D5:AE,-37
BLE,1657199442848476200,43:E7:57:21:47:04,-73
BLE,1657199442869898390,C0:F8:BB:9D:12:93,-49
BLE,1657199442886557813,37:D8:BB:0E:51:AE,-58
BLE,1657199442905957026,DF:A6:DC:DC:2E:81,-57
BLE,1657199442920121400,C0:F8:BB:9D:12:93,-53
BLE,1657199442934725013,3F:F2:AA:87:D5:AE,-37
BLE,1657199442970492520,C0:F8:BB:9D:12:93,-52
BLE,1657199443009786316,DF:A6:DC:DC:2E:81,-52
BLE,1657199443022341693,C0:F8:BB:9D:12:93,-51
BLE,1657199443043957179,3F:F2:AA:87:D5:AE,-32
BLE,1657199443070282708,C0:F8:BB:9D:12:93,-49
BLE,1657199443122469769,C0:F8:BB:9D:12:93,-52
BLE,1657199443145309696,3F:F2:AA:87:D5:AE,-35
BLE,1657199443169690379,C0:F8:BB:9D:12:93,-52
BLE,1657199443213905736,DF:A6:DC:DC:2E:81,-53
BLE,1657199443223092714,C0:F8:BB:9D:12:93,-51
BLE,1657199443246985713,3F:F2:AA:87:D5:AE,-31
BLE,1657199443319884854,C0:F8:BB:9D:12:93,-49
BLE,1657199443352205962,3F:F2:AA:87:D5:AE,-35
BLE,1657199443371235454,C0:F8:BB:9D:12:93,-52
BLE,1657199443404051764,37:D8:BB:0E:51:AE,-58
BLE,1657199443415324515,DF:A6:DC:DC:2E:81,-53
BLE,1657199443419745116,C0:F8:BB:9D:12:93,-52
BLE,1657199443457779821,3F:F2:AA:87:D5:AE,-33
BLE,1657199443472254528,C0:F8:BB:9D:12:93,-51
BLE,1657199443520167450,C0:F8:BB:9D:12:93,-49
BLE,1657199443522641241,DF:A6:DC:DC:2E:81,-52
BLE,1657199443563490754,3F:F2:AA:87:D5:AE,-31
BLE,1657199443569669814,C0:F8:BB:9D:12:93,-50
BLE,1657199443604086491,37:D8:BB:0E:51:AE,-58
BLE,1657199443620311934,C0:F8:BB:9D:12:93,-54
BLE,1657199443667798135,3F:F2:AA:87:D5:AE,-34
BLE,1657199443672864975,C0:F8:BB:9D:12:93,-51
BLE,1657199443739068947,DF:A6:DC:DC:2E:81,-57
BLE,1657199443769820133,3F:F2:AA:87:D5:AE,-37
BLE,1657199443807376747,37:D8:BB:0E:51:AE,-58
BLE,1657199443840289057,DF:A6:DC:DC:2E:81,-51
BLE,1657199443872885443,C0:F8:BB:9D:12:93,-51
BLE,1657199443921975048,C0:F8:BB:9D:12:93,-51
BLE,1657199443942844053,DF:A6:DC:DC:2E:81,-56
BLE,1657199443971554133,C0:F8:BB:9D:12:93,-50
BLE,1657199443988971073,3F:F2:AA:87:D5:AE,-31
BLE,1657199444001074841,37:D8:BB:0E:51:AE,-65
BLE,1657199444017998745,C0:F8:BB:9D:12:93,-50
BLE,1657199444048550727,DF:A6:DC:DC:2E:81,-53
BLE,1657199444094093970,3F:F2:AA:87:D5:AE,-34
BLE,1657199444102844468,37:D8:BB:0E:51:AE,-58
BLE,1657199444122446958,C0:F8:BB:9D:12:93,-51
BLE,1657199444155557231,DF:A6:DC:DC:2E:81,-52
BLE,1657199444197787316,3F:F2:AA:87:D5:AE,-38
BLE,1657199444219167524,C0:F8:BB:9D:12:93,-50
BLE,1657199444265170674,DF:A6:DC:DC:2E:81,-52
BLE,1657199444271751658,C0:F8:BB:9D:12:93,-52
BLE,1657199444300249979,3F:F2:AA:87:D5:AE,-31
BLE,1657199444319880284,C0:F8:BB:9D:12:93,-52
BLE,1657199444370136571,C0:F8:BB:9D:12:93,-50
BLE,1657199444405361024,3F:F2:AA:87:D5:AE,-35
BLE,1657199444412378285,37:D8:BB:0E:51:AE,-59
BLE,1657199444415304760,43:E7:57:21:47:04,-84
BLE,1657199444470242610,C0:F8:BB:9D:12:93,-50
BLE,1657199444479804588,DF:A6:DC:DC:2E:81,-56
BLE,1657199444511059402,3F:F2:AA:87:D5:AE,-38
BLE,1657199444519732011,C0:F8:BB:9D:12:93,-52
BLE,1657199444570246705,C0:F8:BB:9D:12:93,-51
BLE,1657199444615759875,3F:F2:AA:87:D5:AE,-31
BLE,1657199444671152261,C0:F8:BB:9D:12:93,-50
BLE,1657199444689705420,DF:A6:DC:DC:2E:81,-51
BLE,1657199444717258688,3F:F2:AA:87:D5:AE,-38
BLE,1657199444720236070,C0:F8:BB:9D:12:93,-51
BLE,1657199444772593223,C0:F8:BB:9D:12:93,-51
BLE,1657199444792803471,DF:A6:DC:DC:2E:81,-53
BLE,1657199444820368442,37:D8:BB:0E:51:AE,-59
BLE,1657199444822691288,3F:F2:AA:87:D5:AE,-31
BLE,1657199444897963276,DF:A6:DC:DC:2E:81,-52
BLE,1657199444919064485,C0:F8:BB:9D:12:93,-49
BLE,1657199444924059676,37:D8:BB:0E:51:AE,-65
BLE,1657199444926557244,3F:F2:AA:87:D5:AE,-35
BLE,1657199444971504045,C0:F8:BB:9D:12:93,-52
BLE,1657199445007456181,DF:A6:DC:DC:2E:81,-52
BLE,1657199445020990686,C0:F8:BB:9D:12:93,-51
BLE,1657199445065358432,2E:CB:29:75:1D:1B,-82
BLE,1657199445118887823,C0:F8:BB:9D:12:93,-49
BLE,1657199445132744716,3F:F2:AA:87:D5:AE,-31
BLE,1657199445168563593,C0:F8:BB:9D:12:93,-49
BLE,1657199445241076698,3F:F2:AA:87:D5:AE,-35
BLE,1657199445269805870,C0:F8:BB:9D:12:93,-51
BLE,1657199445327915898,DF:A6:DC:DC:2E:81,-53
BLE,1657199445331557593,37:D8:BB:0E:51:AE,-65
BLE,1657199445346072374,3F:F2:AA:87:D5:AE,-37
BLE,1657199445368028414,C0:F8:BB:9D:12:93,-49
BLE,1657199445420119771,C0:F8:BB:9D:12:93,-52
BLE,1657199445459096900,43:E7:57:21:47:04,-72
BLE,1657199445471041409,C0:F8:BB:9D:12:93,-51
BLE,1657199445538678748,37:D8:BB:0E:51:AE,-58
BLE,1657199445541942906,DF:A6:DC:DC:2E:81,-56
BLE,1657199445554123544,3F:F2:AA:87:D5:AE,-35
BLE,1657199445571535558,C0:F8:BB:9D:12:93,-49
BLE,1657199445620220424,C0:F8:BB:9D:12:93,-54
BLE,1657199445651554201,DF:A6:DC:DC:2E:81,-57
BLE,1657199445669216047,C0:F8:BB:9D:12:93,-52
BLE,1657199445721671978,C0:F8:BB:9D:12:93,-50
BLE,1657199445753096514,DF:A6:DC:DC:2E:81,-52
BLE,1657199445757286078,3F:F2:AA:87:D5:AE,-35
BLE,1657199445771061342,C0:F8:BB:9D:12:93,-50
BLE,1657199445818877042,C0:F8:BB:9D:12:93,-50
BLE,1657199445844890443,37:D8:BB:0E:51:AE,-64
BLE,1657199445857939542,DF:A6:DC:DC:2E:81,-59
BLE,1657199445860288684,3F:F2:AA:87:D5:AE,-38
BLE,1657199445866003634,43:E7:57:21:47:04,-72
BLE,1657199445869785439,C0:F8:BB:9D:12:93,-52
BLE,1657199445919835894,C0:F8:BB:9D:12:93,-50
BLE,1657199445943614004,37:D8:BB:0E:51:AE,-59
BLE,1657199445961387388,DF:A6:DC:DC:2E:81,-54
BLE,1657199445969506442,3F:F2:AA:87:D5:AE,-31
BLE,1657199445975278188,43:E7:57:21:47:04,-72
BLE,1657199446019086028,C0:F8:BB:9D:12:93,-50
BLE,1657199446047372479,37:D8:BB:0E:51:AE,-65
BLE,1657199446070326220,C0:F8:BB:9D:12:93,-54
BLE,1657199446074725654,3F:F2:AA:87:D5:AE,-34
BLE,1657199446122051801,C0:F8:BB:9D:12:93,-50
BLE,1657199446147850758,37:D8:BB:0E:51:AE,-59
BLE,1657199446165957048,DF:A6:DC:DC:2E:81,-53
BLE,1657199446171105813,C0:F8:BB:9D:12:93,-51
BLE,1657199446177329095,3F:F2:AA:87:D5:AE,-36
BLE,1657199446221418675,C0:F8:BB:9D:12:93,-45
BLE,1657199446267990990,DF:A6:DC:DC:2E:81,-51
BLE,1657199446292775820,43:E7:57:21:47:04,-73
BLE,1657199446320407050,C0:F8:BB:9D:12:93,-50
BLE,1657199446365459572,54:E5:89:22:C3:51,-78
BLE,1657199446372633518,C0:F8:BB:9D:12:93,-51
BLE,1657199446391129215,3F:F2:AA:87:D5:AE,-34
BLE,1657199446469838545,C0:F8:BB:9D:12:93,-51
BLE,1657199446480542594,DF:A6:DC:DC:2E:81,-53
BLE,1657199446491127272,3F:F2:AA:87:D5:AE,-37
BLE,1657199446521790051,C0:F8:BB:9D:12:93,-53
BLE,1657199446572758689,C0:F8:BB:9D:12:93,-50
BLE,1657199446589479223,DF:A6:DC:DC:2E:81,-53
BLE,1657199446599660125,3F:F2:AA:87:D5:AE,-31
BLE,1657199446606584793,43:E7:57:21:47:04,-72
BLE,1657199446622704681,C0:F8:BB:9D:12:93,-50
BLE,1657199446658616540,37:D8:BB:0E:51:AE,-65
BLE,1657199446693635512,DF:A6:DC:DC:2E:81,-51
BLE,1657199446707786978,3F:F2:AA:87:D5:AE,-31
BLE,1657199446720112134,C0:F8:BB:9D:12:93,-51
BLE,1657199446769270442,C0:F8:BB:9D:12:93,-52
BLE,1657199446816169071,3F:F2:AA:87:D5:AE,-34
BLE,1657199446821680355,C0:F8:BB:9D:12:93,-50
BLE,1657199446869517574,C0:F8:BB:9D:12:93,-50
BLE,1657199446907065503,DF:A6:DC:DC:2E:81,-53
BLE,1657199446920369786,3F:F2:AA:87:D5:AE,-36
BLE,1657199446965525604,2E:CB:29:75:1D:1B,-78
BLE,1657199446981685899,32:D2:6E:37:6A:1B,-92
BLE,1657199447010807570,DF:A6:DC:DC:2E:81,-51
BLE,1657199447022198691,3F:F2:AA:87:D5:AE,-31
BLE,1657199447071344796,C0:F8:BB:9D:12:93,-51
BLE,1657199447120419142,DF:A6:DC:DC:2E:81,-52
BLE,1657199447125365519,3F:F2:AA:87:D5:AE,-36
BLE,1657199447168585212,C0:F8:BB:9D:12:93,-49
BLE,1657199447222000752,C0:F8:BB:9D:12:93,-52
BLE,1657199447226463241,DF:A6:DC:DC:2E:81,-57
BLE,1657199447230987415,3F:F2:AA:87:D5:AE,-31
BLE,1657199447234060890,43:E7:57:21:47:04,-73
BLE,1657199447272835593,C0:F8:BB:9D:12:93,-50
BLE,1657199447315421510,54:E5:89:22:C3:51,-80
BLE,1657199447332965580,DF:A6:DC:DC:2E:81,-53
BLE,1657199447336092961,3F:F2:AA:87:D5:AE,-35
BLE,1657199447368200107,C0:F8:BB:9D:12:93,-50
BLE,1657199447379781135,37:D8:BB:0E:51:AE,-65
BLE,1657199447435431243,DF:A6:DC:DC:2E:81,-51
BLE,1657199447472957024,C0:F8:BB:9D:12:93,-50
BLE,1657199447522336758,C0:F8:BB:9D:12:93,-51
BLE,1657199447541552360,DF:A6:DC:DC:2E:81,-57
BLE,1657199447582348540,37:D8:BB:0E:51:AE,-65
BLE,1657199447618289214,C0:F8:BB:9D:12:93,-49
BLE,1657199447644782947,DF:A6:DC:DC:2E:81,-53
BLE,1657199447657219825,3F:F2:AA:87:D5:AE,-30
BLE,1657199447671574735,C0:F8:BB:9D:12:93,-52
BLE,1657199447698690596,2E:CB:29:75:1D:1B,-83
BLE,1657199447722885150,C0:F8:BB:9D:12:93,-50
BLE,1657199447746466945,DF:A6:DC:DC:2E:81,-57
BLE,1657199447762914221,3F:F2:AA:87:D5:AE,-34
BLE,1657199447770611406,C0:F8:BB:9D:12:93,-50
BLE,1657199447781594713,37:D8:BB:0E:51:AE,-65
BLE,1657199447820203566,C0:F8:BB:9D:12:93,-49
BLE,1657199447856043851,DF:A6:DC:DC:2E:81,-58
BLE,1657199447870350391,3F:F2:AA:87:D5:AE,-34
BLE,1657199447919515903,C0:F8:BB:9D:12:93,-53
BLE,1657199447948074835,41:0C:7E:D1:8F:D7,-84
BLE,1657199447957126795,DF:A6:DC:DC:2E:81,-51
BLE,1657199447972093037,C0:F8:BB:9D:12:93,-51
BLE,1657199447977372876,3F:F2:AA:87:D5:AE,-37
BLE,1657199447994110892,37:D8:BB:0E:51:AE,-58
BLE,1657199448020552069,C0:F8:BB:9D:12:93,-50
BLE,1657199448066263497,DF:A6:DC:DC:2E:81,-47
BLE,1657199448067965864,C0:F8:BB:9D:12:93,-50
BLE,1657199448081613202,3F:F2:AA:87:D5:AE,-31
BLE,1657199448097393849,37:D8:BB:0E:51:AE,-65
BLE,1657199448121574180,C0:F8:BB:9D:12:93,-53
BLE,1657199448170225120,C0:F8:BB:9D:12:93,-50
BLE,1657199448172914836,DF:A6:DC:DC:2E:81,-58
BLE,1657199448186577599,3F:F2:AA:87:D5:AE,-34
BLE,1657199448194896191,37:D8:BB:0E:51:AE,-58
BLE,1657199448269216347,C0:F8:BB:9D:12:93,-33
BLE,1657199448272360543,DF:A6:DC:DC:2E:81,-50
BLE,1657199448290377037,3F:F2:AA:87:D5:AE,-36
BLE,1657199448380837266,DF:A6:DC:DC:2E:81,-51
BLE,1657199448396600580,3F:F2:AA:87:D5:AE,-31
BLE,1657199448400410941,37:D8:BB:0E:51:AE,-58
BLE,1657199448421677576,C0:F8:BB:9D:12:93,-50
BLE,1657199448485564127,DF:A6:DC:DC:2E:81,-57
BLE,1657199448496152546,3F:F2:AA:87:D5:AE,-36
BLE,1657199448519603472,C0:F8:BB:9D:12:93,-50
BLE,1657199448569358150,C0:F8:BB:9D:12:93,-53
BLE,1657199448592603057,DF:A6:DC:DC:2E:81,-54
BLE,1657199448602794199,3F:F2:AA:87:D5:AE,-31
BLE,1657199448620172602,C0:F8:BB:9D:12:93,-51
BLE,1657199448702138499,DF:A6:DC:DC:2E:81,-52
BLE,1657199448712319901,3F:F2:AA:87:D5:AE,-31
BLE,1657199448720397993,C0:F8:BB:9D:12:93,-49
BLE,1657199448770378577,C0:F8:BB:9D:12:93,-52
BLE,1657199448802921537,37:D8:BB:0E:51:AE,-58
BLE,1657199448809412559,DF:A6:DC:DC:2E:81,-52
BLE,1657199448812927161,3F:F2:AA:87:D5:AE,-36
BLE,1657199448819243257,C0:F8:BB:9D:12:93,-53
BLE,1657199448848688798,2E:CB:29:75:1D:1B,-83
BLE,1657199448872654241,C0:F8:BB:9D:12:93,-50
BLE,1657199448898897901,54:E5:89:22:C3:51,-78
BLE,1657199448913877717,DF:A6:DC:DC:2E:81,-58
BLE,1657199448918541391,3F:F2:AA:87:D5:AE,-31
BLE,1657199448970416508,C0:F8:BB:9D:12:93,-49
BLE,1657199449002423432,37:D8:BB:0E:51:AE,-58
BLE,1657199449070390344,C0:F8:BB:9D:12:93,-50
BLE,1657199449119823559,C0:F8:BB:9D:12:93,-50
BLE,1657199449124274474,DF:A6:DC:DC:2E:81,-51
BLE,1657199449127326485,3F:F2:AA:87:D5:AE,-37
BLE,1657199449169991328,C0:F8:BB:9D:12:93,-49
BLE,1657199449219918005,C0:F8:BB:9D:12:93,-52
BLE,1657199449230321869,DF:A6:DC:DC:2E:81,-58
BLE,1657199449234899747,3F:F2:AA:87:D5:AE,-37
BLE,1657199449272786453,C0:F8:BB:9D:12:93,-50
BLE,1657199449320250877,C0:F8:BB:9D:12:93,-51
BLE,1657199449330374168,DF:A6:DC:DC:2E:81,-51
BLE,1657199449339776442,3F:F2:AA:87:D5:AE,-31
BLE,1657199449409931849,37:D8:BB:0E:51:AE,-58
BLE,1657199449419146845,C0:F8:BB:9D:12:93,-50
BLE,1657199449432734646,DF:A6:DC:DC:2E:81,-57
BLE,1657199449440370572,43:E7:57:21:47:04,-73
BLE,1657199449446112836,3F:F2:AA:87:D5:AE,-36
BLE,1657199449471769683,C0:F8:BB:9D:12:93,-53
BLE,1657199449536578139,DF:A6:DC:DC:2E:81,-53
BLE,1657199449554859984,3F:F2:AA:87:D5:AE,-36
BLE,1657199449607942524,37:D8:BB:0E:51:AE,-65
BLE,1657199449620763253,C0:F8:BB:9D:12:93,-50
BLE,1657199449643995883,DF:A6:DC:DC:2E:81,-52
BLE,1657199449663673206,3F:F2:AA:87:D5:AE,-36
BLE,1657199449671716724,C0:F8:BB:9D:12:93,-52
BLE,1657199449722094789,C0:F8:BB:9D:12:93,-49
BLE,1657199449769844157,3F:F2:AA:87:D5:AE,-31
BLE,1657199449772013929,C0:F8:BB:9D:12:93,-51
BLE,1657199449806640236,37:D8:BB:0E:51:AE,-65
BLE,1657199449855070657,DF:A6:DC:DC:2E:81,-52
BLE,1657199449867994738,C0:F8:BB:9D:12:93,-49
BLE,1657199449872414079,3F:F2:AA:87:D5:AE,-34
BLE,1657199449918292266,C0:F8:BB:9D:12:93,-52
BLE,1657199449948155195,41:0C:7E:D1:8F:D7,-83
BLE,1657199449960907646,DF:A6:DC:DC:2E:81,-51
BLE,1657199449971678824,C0:F8:BB:9D:12:93,-50
BLE,1657199449977480514,3F:F2:AA:87:D5:AE,-36
BLE,1657199450068923944,DF:A6:DC:DC:2E:81,-51
BLE,1657199450080379824,3F:F2:AA:87:D5:AE,-34
BLE,1657199450121476226,C0:F8:BB:9D:12:93,-52
BLE,1657199450170563998,C0:F8:BB:9D:12:93,-52
BLE,1657199450173007307,DF:A6:DC:DC:2E:81,-57
BLE,1657199450182940357,3F:F2:AA:87:D5:AE,-37
BLE,1657199450221157562,C0:F8:BB:9D:12:93,-51
BLE,1657199450270569815,C0:F8:BB:9D:12:93,-49
BLE,1657199450272888735,DF:A6:DC:DC:2E:81,-50
BLE,1657199450285438909,3F:F2:AA:87:D5:AE,-31
BLE,1657199450331707113,2E:CB:29:75:1D:1B,-81
BLE,1657199450369112931,C0:F8:BB:9D:12:93,-52
BLE,1657199450379129611,DF:A6:DC:DC:2E:81,-58
BLE,1657199450390352214,3F:F2:AA:87:D5:AE,-34
BLE,1657199450419823422,C0:F8:BB:9D:12:93,-45
BLE,1657199450465451757,54:E5:89:22:C3:51,-80
BLE,1657199450469531599,C0:F8:BB:9D:12:93,-51
BLE,1657199450480251518,DF:A6:DC:DC:2E:81,-53
BLE,1657199450496214869,3F:F2:AA:87:D5:AE,-36
BLE,1657199450511156963,37:D8:BB:0E:51:AE,-58
BLE,1657199450520512478,C0:F8:BB:9D:12:93,-50
BLE,1657199450599850548,3F:F2:AA:87:D5:AE,-31
BLE,1657199450622782141,C0:F8:BB:9D:12:93,-51
BLE,1657199450672351727,C0:F8:BB:9D:12:93,-50
BLE,1657199450686681804,DF:A6:DC:DC:2E:81,-54
BLE,1657199450706133980,3F:F2:AA:87:D5:AE,-34
BLE,1657199450720271520,C0:F8:BB:9D:12:93,-50
BLE,1657199450768814404,C0:F8:BB:9D:12:93,-49
BLE,1657199450795485229,DF:A6:DC:DC:2E:81,-53
BLE,1657199450808598365,3F:F2:AA:87:D5:AE,-31
BLE,1657199450821603167,C0:F8:BB:9D:12:93,-52
BLE,1657199450869967441,C0:F8:BB:9D:12:93,-51
BLE,1657199450903823379,DF:A6:DC:DC:2E:81,-51
BLE,1657199450911112083,3F:F2:AA:87:D5:AE,-34
BLE,1657199450969228371,C0:F8:BB:9D:12:93,-49
BLE,1657199451006085320,DF:A6:DC:DC:2E:81,-59
BLE,1657199451016632313,3F:F2:AA:87:D5:AE,-36
BLE,1657199451069516594,C0:F8:BB:9D:12:93,-53
BLE,1657199451111126532,DF:A6:DC:DC:2E:81,-53
BLE,1657199451120361769,37:D8:BB:0E:51:AE,-58
BLE,1657199451171138130,C0:F8:BB:9D:12:93,-49
BLE,1657199451220514975,C0:F8:BB:9D:12:93,-49
BLE,1657199451231066061,3F:F2:AA:87:D5:AE,-31
BLE,1657199451270765281,C0:F8:BB:9D:12:93,-53
BLE,1657199451313744568,DF:A6:DC:DC:2E:81,-53
BLE,1657199451318578556,C0:F8:BB:9D:12:93,-53
BLE,1657199451325393577,37:D8:BB:0E:51:AE,-58
BLE,1657199451370256266,C0:F8:BB:9D:12:93,-50
BLE,1657199451415442066,DF:A6:DC:DC:2E:81,-58
BLE,1657199451420836868,C0:F8:BB:9D:12:93,-51
BLE,1657199451468204310,C0:F8:BB:9D:12:93,-50
BLE,1657199451522661884,C0:F8:BB:9D:12:93,-50
BLE,1657199451526142413,37:D8:BB:0E:51:AE,-58
BLE,1657199451545419571,3F:F2:AA:87:D5:AE,-31
BLE,1657199451571128380,C0:F8:BB:9D:12:93,-50
BLE,1657199451625558065,DF:A6:DC:DC:2E:81,-51
BLE,1657199451629917406,37:D8:BB:0E:51:AE,-64
BLE,1657199451727472118,37:D8:BB:0E:51:AE,-58
BLE,1657199451749852379,3F:F2:AA:87:D5:AE,-31
BLE,1657199451769909239,C0:F8:BB:9D:12:93,-51
BLE,1657199451833811494,DF:A6:DC:DC:2E:81,-53
BLE,1657199451849916215,3F:F2:AA:87:D5:AE,-36
BLE,1657199451871129794,C0:F8:BB:9D:12:93,-50
BLE,1657199451917933738,C0:F8:BB:9D:12:93,-50
BLE,1657199451932945461,37:D8:BB:0E:51:AE,-57
BLE,1657199451939968704,DF:A6:DC:DC:2E:81,-51
BLE,1657199451970240280,C0:F8:BB:9D:12:93,-53
BLE,1657199451984157061,43:E7:57:21:47:04,-72
BLE,1657199452020517012,C0:F8:BB:9D:12:93,-51
BLE,1657199452064904647,3F:F2:AA:87:D5:AE,-32
BLE,1657199452119033092,C0:F8:BB:9D:12:93,-49
BLE,1657199452149019039,DF:A6:DC:DC:2E:81,-53
BLE,1657199452164172984,3F:F2:AA:87:D5:AE,-36
BLE,1657199452219959777,C0:F8:BB:9D:12:93,-51
BLE,1657199452242459205,37:D8:BB:0E:51:AE,-57
BLE,1657199452267444497,3F:F2:AA:87:D5:AE,-27
BLE,1657199452318748967,C0:F8:BB:9D:12:93,-50
BLE,1657199452356768247,DF:A6:DC:DC:2E:81,-58
BLE,1657199452370856491,C0:F8:BB:9D:12:93,-51
BLE,1657199452373619244,3F:F2:AA:87:D5:AE,-34
BLE,1657199452420584632,C0:F8:BB:9D:12:93,-52
BLE,1657199452442959523,37:D8:BB:0E:51:AE,-65
BLE,1657199452464390212,DF:A6:DC:DC:2E:81,-54
BLE,1657199452469628644,C0:F8:BB:9D:12:93,-34
BLE,1657199452474990150,3F:F2:AA:87:D5:AE,-36
BLE,1657199452520701004,C0:F8:BB:9D:12:93,-50
BLE,1657199452570282997,DF:A6:DC:DC:2E:81,-51
BLE,1657199452584163167,3F:F2:AA:87:D5:AE,-31
BLE,1657199452670340073,C0:F8:BB:9D:12:93,-50
BLE,1657199452675119876,DF:A6:DC:DC:2E:81,-60
BLE,1657199452686179924,3F:F2:AA:87:D5:AE,-34
BLE,1657199452770827130,C0:F8:BB:9D:12:93,-50
BLE,1657199452818394276,C0:F8:BB:9D:12:93,-49
BLE,1657199452854910707,37:D8:BB:0E:51:AE,-58
BLE,1657199452871135928,C0:F8:BB:9D:12:93,-53
BLE,1657199452885419579,DF:A6:DC:DC:2E:81,-51
BLE,1657199452922009195,C0:F8:BB:9D:12:93,-51
BLE,1657199452956238113,37:D8:BB:0E:51:AE,-63
BLE,1657199452964991296,2E:CB:29:75:1D:1B,-82
BLE,1657199452990902790,DF:A6:DC:DC:2E:81,-54
BLE,1657199452996238203,3F:F2:AA:87:D5:AE,-36
BLE,1657199453071763690,C0:F8:BB:9D:12:93,-53
BLE,1657199453097483943,DF:A6:DC:DC:2E:81,-57
BLE,1657199453104940574,3F:F2:AA:87:D5:AE,-37
BLE,1657199453119949501,C0:F8:BB:9D:12:93,-50
BLE,1657199453158772001,37:D8:BB:0E:51:AE,-64
BLE,1657199453170501880,C0:F8:BB:9D:12:93,-50
BLE,1657199453195858172,DF:A6:DC:DC:2E:81,-51
BLE,1657199453205395408,3F:F2:AA:87:D5:AE,-35
BLE,1657199453219250338,C0:F8:BB:9D:12:93,-50
BLE,1657199453268215240,C0:F8:BB:9D:12:93,-51
BLE,1657199453302555028,DF:A6:DC:DC:2E:81,-57
BLE,1657199453310499269,3F:F2:AA:87:D5:AE,-36
BLE,1657199453320337264,C0:F8:BB:9D:12:93,-53
BLE,1657199453369287091,C0:F8:BB:9D:12:93,-51
BLE,1657199453416151961,3F:F2:AA:87:D5:AE,-31
BLE,1657199453468363874,C0:F8:BB:9D:12:93,-50
BLE,1657199453519932103,3F:F2:AA:87:D5:AE,-34
BLE,1657199453564985754,37:D8:BB:0E:51:AE,-63
BLE,1657199453569947780,C0:F8:BB:9D:12:93,-51
BLE,1657199453626278664,3F:F2:AA:87:D5:AE,-36
BLE,1657199453670184337,C0:F8:BB:9D:12:93,-50
BLE,1657199453718360722,C0:F8:BB:9D:12:93,-50
BLE,1657199453733669185,3F:F2:AA:87:D5:AE,-31
BLE,1657199453766233608,37:D8:BB:0E:51:AE,-63
BLE,1657199453769151545,C0:F8:BB:9D:12:93,-53
BLE,1657199453817981355,DF:A6:DC:DC:2E:81,-58
BLE,1657199453819888276,C0:F8:BB:9D:12:93,-50
BLE,1657199453836200515,3F:F2:AA:87:D5:AE,-34
BLE,1657199453867465200,37:D8:BB:0E:51:AE,-58
BLE,1657199453925701561,DF:A6:DC:DC:2E:81,-54
BLE,1657199453945388736,3F:F2:AA:87:D5:AE,-34
BLE,1657199453969144809,C0:F8:BB:9D:12:93,-53
BLE,1657199454019903077,C0:F8:BB:9D:12:93,-51
BLE,1657199454052966961,3F:F2:AA:87:D5:AE,-35
BLE,1657199454119981246,C0:F8:BB:9D:12:93,-50
BLE,1657199454137407111,DF:A6:DC:DC:2E:81,-60
BLE,1657199454156182400,3F:F2:AA:87:D5:AE,-31
BLE,1657199454240302274,DF:A6:DC:DC:2E:81,-54
BLE,1657199454254999387,3F:F2:AA:87:D5:AE,-35
BLE,1657199454270484294,C0:F8:BB:9D:12:93,-51
BLE,1657199454319934176,C0:F8:BB:9D:12:93,-51
BLE,1657199454346597539,DF:A6:DC:DC:2E:81,-51
BLE,1657199454370559037,C0:F8:BB:9D:12:93,-50
BLE,1657199454420485251,C0:F8:BB:9D:12:93,-54
BLE,1657199454448804128,2E:CB:29:75:1D:1B,-82
BLE,1657199454466182327,3F:F2:AA:87:D5:AE,-34
BLE,1657199454470464762,C0:F8:BB:9D:12:93,-51
BLE,1657199454472910423,37:D8:BB:0E:51:AE,-58
BLE,1657199454548204632,2E:CB:29:75:1D:1B,-77
BLE,1657199454562797930,DF:A6:DC:DC:2E:81,-58
BLE,1657199454569251822,3F:F2:AA:87:D5:AE,-36
BLE,1657199454621995141,C0:F8:BB:9D:12:93,-53
BLE,1657199454668091661,DF:A6:DC:DC:2E:81,-53
BLE,1657199454672152984,C0:F8:BB:9D:12:93,-50
BLE,1657199454677407398,37:D8:BB:0E:51:AE,-58
BLE,1657199454721560904,C0:F8:BB:9D:12:93,-50
BLE,1657199454786204416,3F:F2:AA:87:D5:AE,-31
BLE,1657199454819998947,C0:F8:BB:9D:12:93,-51
BLE,1657199454873663133,DF:A6:DC:DC:2E:81,-55
BLE,1657199454891708498,3F:F2:AA:87:D5:AE,-34
BLE,1657199454965337989,41:0C:7E:D1:8F:D7,-84
BLE,1657199454969331683,C0:F8:BB:9D:12:93,-51
BLE,1657199454973710228,DF:A6:DC:DC:2E:81,-51
BLE,1657199454981886727,54:E5:89:22:C3:51,-78
BLE,1657199455017945604,C0:F8:BB:9D:12:93,-51
BLE,1657199455071330551,C0:F8:BB:9D:12:93,-53
BLE,1657199455097969024,3F:F2:AA:87:D5:AE,-34
BLE,1657199455119789787,C0:F8:BB:9D:12:93,-53
BLE,1657199455170964869,C0:F8:BB:9D:12:93,-51
BLE,1657199455172372921,37:D8:BB:0E:51:AE,-58
BLE,1657199455203067403,3F:F2:AA:87:D5:AE,-35
BLE,1657199455269092987,C0:F8:BB:9D:12:93,-50
BLE,1657199455289671419,DF:A6:DC:DC:2E:81,-51
BLE,1657199455306726675,3F:F2:AA:87:D5:AE,-27
BLE,1657199455333667907,43:E7:57:21:47:04,-58
BLE,1657199455369994450,C0:F8:BB:9D:12:93,-34
BLE,1657199455371712205,37:D8:BB:0E:51:AE,-43
BLE,1657199455405582828,3F:F2:AA:87:D5:AE,-27
BLE,1657199455420949551,C0:F8:BB:9D:12:93,-33
BLE,1657199455467984012,C0:F8:BB:9D:12:93,-33
BLE,1657199455475448772,37:D8:BB:0E:51:AE,-47
BLE,1657199455509160785,DF:A6:DC:DC:2E:81,-42
BLE,1657199455515040548,3F:F2:AA:87:D5:AE,-30
BLE,1657199455521475681,C0:F8:BB:9D:12:93,-37
BLE,1657199455576244143,37:D8:BB:0E:51:AE,-42
BLE,1657199455615023903,54:E5:89:22:C3:51,-63
BLE,1657199455622740977,C0:F8:BB:9D:12:93,-34
BLE,1657199455651182335,43:E7:57:21:47:04,-56
BLE,1657199455670226234,C0:F8:BB:9D:12:93,-34
BLE,1657199455680435098,37:D8:BB:0E:51:AE,-48
BLE,1657199455719292747,C0:F8:BB:9D:12:93,-34
BLE,1657199455771948713,C0:F8:BB:9D:12:93,-37
BLE,1657199455821681206,C0:F8:BB:9D:12:93,-34
BLE,1657199455827525637,DF:A6:DC:DC:2E:81,-36
BLE,1657199455830095130,3F:F2:AA:87:D5:AE,-27
BLE,1657199455870706145,C0:F8:BB:9D:12:93,-34
BLE,1657199455891749965,37:D8:BB:0E:51:AE,-42
BLE,1657199455921263746,C0:F8:BB:9D:12:93,-33
BLE,1657199455929642893,DF:A6:DC:DC:2E:81,-38
BLE,1657199455933016941,3F:F2:AA:87:D5:AE,-30
BLE,1657199455970921924,C0:F8:BB:9D:12:93,-37
BLE,1657199456035025271,DF:A6:DC:DC:2E:81,-36
BLE,1657199456070358039,C0:F8:BB:9D:12:93,-34
BLE,1657199456120728752,C0:F8:BB:9D:12:93,-34
BLE,1657199456145057250,3F:F2:AA:87:D5:AE,-36
BLE,1657199456170749429,C0:F8:BB:9D:12:93,-51
BLE,1657199456220807088,C0:F8:BB:9D:12:93,-37
BLE,1657199456242809183,DF:A6:DC:DC:2E:81,-54
BLE,1657199456251202645,3F:F2:AA:87:D5:AE,-33
BLE,1657199456271708540,C0:F8:BB:9D:12:93,-53
BLE,1657199456320024110,C0:F8:BB:9D:12:93,-52
BLE,1657199456349145948,DF:A6:DC:DC:2E:81,-35
BLE,1657199456368873623,C0:F8:BB:9D:12:93,-50
BLE,1657199456421223221,C0:F8:BB:9D:12:93,-37
BLE,1657199456452051925,DF:A6:DC:DC:2E:81,-43
BLE,1657199456459295037,3F:F2:AA:87:D5:AE,-27
BLE,1657199456470758991,C0:F8:BB:9D:12:93,-53
BLE,1657199456497948797,37:D8:BB:0E:51:AE,-59
BLE,1657199456519526653,C0:F8:BB:9D:12:93,-52
BLE,1657199456550646394,DF:A6:DC:DC:2E:81,-53
BLE,1657199456619978413,C0:F8:BB:9D:12:93,-52
BLE,1657199456653054797,DF:A6:DC:DC:2E:81,-59
BLE,1657199456670488274,C0:F8:BB:9D:12:93,-54
BLE,1657199456676227353,3F:F2:AA:87:D5:AE,-33
BLE,1657199456697965172,37:D8:BB:0E:51:AE,-59
BLE,1657199456721415134,C0:F8:BB:9D:12:93,-53
BLE,1657199456755712793,DF:A6:DC:DC:2E:81,-54
BLE,1657199456818277163,C0:F8:BB:9D:12:93,-51
BLE,1657199456870385872,C0:F8:BB:9D:12:93,-55
BLE,1657199456889958825,3F:F2:AA:87:D5:AE,-37
BLE,1657199456902977813,37:D8:BB:0E:51:AE,-60
BLE,1657199456919671606,C0:F8:BB:9D:12:93,-55
BLE,1657199456969505024,C0:F8:BB:9D:12:93,-35
BLE,1657199456995474203,3F:F2:AA:87:D5:AE,-31
BLE,1657199457069465027,C0:F8:BB:9D:12:93,-52
BLE,1657199457096263926,3F:F2:AA:87:D5:AE,-36
BLE,1657199457172592447,C0:F8:BB:9D:12:93,-51
BLE,1657199457180259540,DF:A6:DC:DC:2E:81,-53
BLE,1657199457201339416,3F:F2:AA:87:D5:AE,-37
BLE,1657199457267994016,C0:F8:BB:9D:12:93,-51
BLE,1657199457306218740,3F:F2:AA:87:D5:AE,-32
BLE,1657199457408159385,3F:F2:AA:87:D5:AE,-37
BLE,1657199457420759318,C0:F8:BB:9D:12:93,-53
BLE,1657199457470639162,C0:F8:BB:9D:12:93,-33
BLE,1657199457516855849,3F:F2:AA:87:D5:AE,-37
BLE,1657199457620163565,C0:F8:BB:9D:12:93,-53
BLE,1657199457624890480,3F:F2:AA:87:D5:AE,-33
BLE,1657199457698248138,2E:CB:29:75:1D:1B,-79
BLE,1657199457718856663,C0:F8:BB:9D:12:93,-52
BLE,1657199457727506254,3F:F2:AA:87:D5:AE,-36
BLE,1657199457801439874,DF:A6:DC:DC:2E:81,-60
BLE,1657199457820039311,C0:F8:BB:9D:12:93,-34
BLE,1657199457825009780,37:D8:BB:0E:51:AE,-42
BLE,1657199457870728838,C0:F8:BB:9D:12:93,-53
BLE,1657199457929287809,3F:F2:AA:87:D5:AE,-36
BLE,1657199457969273862,C0:F8:BB:9D:12:93,-52
BLE,1657199458018778133,C0:F8:BB:9D:12:93,-37
BLE,1657199458023034623,37:D8:BB:0E:51:AE,-48
BLE,1657199458030474142,3F:F2:AA:87:D5:AE,-27
BLE,1657199458071671748,C0:F8:BB:9D:12:93,-53
BLE,1657199458109464046,DF:A6:DC:DC:2E:81,-55
BLE,1657199458120573594,37:D8:BB:0E:51:AE,-59
BLE,1657199458134240932,3F:F2:AA:87:D5:AE,-35
BLE,1657199458169392811,C0:F8:BB:9D:12:93,-51
BLE,1657199458215446923,DF:A6:DC:DC:2E:81,-35
BLE,1657199458218141917,C0:F8:BB:9D:12:93,-34
BLE,1657199458222994257,37:D8:BB:0E:51:AE,-64
BLE,1657199458242990672,3F:F2:AA:87:D5:AE,-36
BLE,1657199458271272735,C0:F8:BB:9D:12:93,-54
BLE,1657199458348878327,3F:F2:AA:87:D5:AE,-35
BLE,1657199458370518961,C0:F8:BB:9D:12:93,-34
BLE,1657199458420774526,C0:F8:BB:9D:12:93,-52
BLE,1657199458426608420,DF:A6:DC:DC:2E:81,-55
BLE,1657199458470111279,C0:F8:BB:9D:12:93,-56
BLE,1657199458520781380,C0:F8:BB:9D:12:93,-53
BLE,1657199458528747139,DF:A6:DC:DC:2E:81,-36
BLE,1657199458531936465,2E:CB:29:75:1D:1B,-63
BLE,1657199458553074248,3F:F2:AA:87:D5:AE,-27
BLE,1657199458620086699,C0:F8:BB:9D:12:93,-51
BLE,1657199458634295017,37:D8:BB:0E:51:AE,-59
BLE,1657199458636803289,DF:A6:DC:DC:2E:81,-60
BLE,1657199458656844852,3F:F2:AA:87:D5:AE,-33
BLE,1657199458670462079,C0:F8:BB:9D:12:93,-55
BLE,1657199458720476534,C0:F8:BB:9D:12:93,-37
BLE,1657199458760043958,3F:F2:AA:87:D5:AE,-36
BLE,1657199458770572118,C0:F8:BB:9D:12:93,-53
BLE,1657199458828821627,37:D8:BB:0E:51:AE,-64
BLE,1657199458861257328,3F:F2:AA:87:D5:AE,-33
BLE,1657199458869782066,C0:F8:BB:9D:12:93,-52
BLE,1657199458952131463,DF:A6:DC:DC:2E:81,-60
BLE,1657199458960615091,3F:F2:AA:87:D5:AE,-36
BLE,1657199459040114679,37:D8:BB:0E:51:AE,-59
BLE,1657199459062057478,DF:A6:DC:DC:2E:81,-42
BLE,1657199459069777775,C0:F8:BB:9D:12:93,-34
BLE,1657199459118135770,C0:F8:BB:9D:12:93,-33
BLE,1657199459143844154,37:D8:BB:0E:51:AE,-47
BLE,1657199459167224190,DF:A6:DC:DC:2E:81,-38
BLE,1657199459168914927,C0:F8:BB:9D:12:93,-37
BLE,1657199459220318693,C0:F8:BB:9D:12:93,-34
BLE,1657199459270407278,C0:F8:BB:9D:12:93,-35
BLE,1657199459273153604,3F:F2:AA:87:D5:AE,-27
BLE,1657199459321064916,C0:F8:BB:9D:12:93,-33
BLE,1657199459354387114,37:D8:BB:0E:51:AE,-42
BLE,1657199459369611226,C0:F8:BB:9D:12:93,-37
BLE,1657199459379236092,DF:A6:DC:DC:2E:81,-43
BLE,1657199459422905284,C0:F8:BB:9D:12:93,-34
BLE,1657199459470752411,C0:F8:BB:9D:12:93,-34
BLE,1657199459519882164,C0:F8:BB:9D:12:93,-33
BLE,1657199459569883804,C0:F8:BB:9D:12:93,-36
BLE,1657199459585726989,3F:F2:AA:87:D5:AE,-30
BLE,1657199459589086240,DF:A6:DC:DC:2E:81,-35
BLE,1657199459620913479,C0:F8:BB:9D:12:93,-34
BLE,1657199459671422303,37:D8:BB:0E:51:AE,-42
BLE,1657199459696429317,3F:F2:AA:87:D5:AE,-27
BLE,1657199459697322667,DF:A6:DC:DC:2E:81,-32
BLE,1657199459715185698,54:E5:89:22:C3:51,-68
BLE,1657199459769657031,C0:F8:BB:9D:12:93,-34
BLE,1657199459799286702,DF:A6:DC:DC:2E:81,-38
BLE,1657199459818967025,C0:F8:BB:9D:12:93,-37
BLE,1657199459870631143,C0:F8:BB:9D:12:93,-34
BLE,1657199459902766325,3F:F2:AA:87:D5:AE,-27
BLE,1657199459905266986,DF:A6:DC:DC:2E:81,-66
BLE,1657199459969297778,C0:F8:BB:9D:12:93,-33
BLE,1657199460011377029,3F:F2:AA:87:D5:AE,-27